site_id,longitude,latitude,year,country,class_id,class_name,role,split,block_id,fold_id,qc_keep,qc_flag,w_rel
P_200,66.8809,44.2413,2017.0,KAZ,1.0,Cropland,exact_year,traindev,64_51,4.0,True,,1.0
P_201,66.8856,44.2405,2017.0,KAZ,1.0,Cropland,exact_year,traindev,64_51,4.0,True,,1.0
P_202,66.8842,44.2348,2017.0,KAZ,1.0,Cropland,exact_year,traindev,64_51,4.0,True,,1.0
P_203,66.8828,44.23,2017.0,KAZ,1.0,Cropland,exact_year,traindev,64_51,4.0,True,,1.0
P_204,66.8868,44.2294,2017.0,KAZ,1.0,Cropland,exact_year,traindev,64_51,4.0,True,,1.0
P_205,66.8882,44.2336,2017.0,KAZ,1.0,Cropland,exact_year,traindev,64_51,4.0,True,,1.0
P_206,66.8776,44.2307,2017.0,KAZ,1.0,Cropland,exact_year,traindev,64_51,4.0,True,,1.0
P_207,66.8791,44.2363,2017.0,KAZ,1.0,Cropland,exact_year,traindev,64_51,4.0,True,,1.0
P_208,66.8897,44.2398,2017.0,KAZ,1.0,Cropland,exact_year,traindev,64_51,4.0,True,,1.0
P_209,65.3775,44.8405,2017.0,KAZ,1.0,Cropland,exact_year,traindev,63_51,2.0,True,,1.0
P_210,65.3779,44.8338,2017.0,KAZ,3.0,Grassland,exact_year,traindev,63_51,2.0,True,,1.0
P_211,65.3726,44.8387,2017.0,KAZ,3.0,Grassland,exact_year,traindev,63_51,2.0,True,,1.0
P_212,65.3698,44.8403,2017.0,KAZ,3.0,Grassland,exact_year,traindev,63_51,2.0,True,,1.0
P_213,65.3737,44.8439,2017.0,KAZ,1.0,Cropland,exact_year,traindev,63_51,2.0,True,,1.0
P_214,65.3778,44.846,2017.0,KAZ,3.0,Grassland,exact_year,traindev,63_51,2.0,True,,1.0
P_215,65.3818,44.843,2017.0,KAZ,3.0,Grassland,exact_year,traindev,63_51,2.0,True,,1.0
P_216,65.3808,44.8371,2017.0,KAZ,3.0,Grassland,exact_year,traindev,63_51,2.0,True,,1.0
P_217,65.3859,44.8403,2017.0,KAZ,3.0,Grassland,exact_year,traindev,63_51,2.0,True,,1.0
P_218,65.5129,44.9072,2017.0,KAZ,1.0,Cropland,exact_year,traindev,63_51,2.0,True,,1.0
P_219,65.5133,44.9112,2017.0,KAZ,1.0,Cropland,exact_year,traindev,63_51,2.0,True,,1.0
P_220,65.5134,44.9162,2017.0,KAZ,1.0,Cropland,exact_year,traindev,63_51,2.0,True,,1.0
P_221,65.5073,44.9163,2017.0,KAZ,1.0,Cropland,exact_year,traindev,63_51,2.0,True,,1.0
P_222,65.5072,44.9112,2017.0,KAZ,1.0,Cropland,exact_year,traindev,63_51,2.0,True,,1.0
P_223,65.5068,44.9072,2017.0,KAZ,1.0,Cropland,exact_year,traindev,63_51,2.0,True,,1.0
P_224,65.5018,44.9072,2017.0,KAZ,1.0,Cropland,exact_year,traindev,63_51,2.0,True,,1.0
P_225,65.502,44.9163,2017.0,KAZ,1.0,Cropland,exact_year,traindev,63_51,2.0,True,,1.0
P_226,65.5017,44.9113,2017.0,KAZ,1.0,Cropland,exact_year,traindev,63_51,2.0,True,,1.0
P_227,63.8806,45.6661,2017.0,KAZ,5.0,Bare,exact_year,traindev,61_52,4.0,True,,1.0
P_228,63.886,45.6679,2017.0,KAZ,5.0,Bare,exact_year,traindev,61_52,4.0,True,,1.0
P_229,63.8908,45.6698,2017.0,KAZ,5.0,Bare,exact_year,traindev,61_52,4.0,True,,1.0
P_230,63.8933,45.6661,2017.0,KAZ,5.0,Bare,exact_year,traindev,61_52,4.0,True,,1.0
P_231,63.8881,45.6636,2017.0,KAZ,5.0,Bare,exact_year,traindev,61_52,4.0,True,,1.0
P_232,63.8823,45.6599,2017.0,KAZ,5.0,Bare,exact_year,traindev,61_52,4.0,True,,1.0
P_233,63.886,45.6583,2017.0,KAZ,5.0,Bare,exact_year,traindev,61_52,4.0,True,,1.0
P_234,63.8901,45.6594,2017.0,KAZ,5.0,Bare,exact_year,traindev,61_52,4.0,True,,1.0
P_235,63.8971,45.6618,2017.0,KAZ,4.0,Shrubland,exact_year,traindev,61_52,4.0,True,,1.0
P_236,61.4623,45.7918,2017.0,KAZ,3.0,Grassland,exact_year,test,59_52,-1.0,True,,1.0
P_237,61.4607,45.7956,2017.0,KAZ,3.0,Grassland,exact_year,test,59_52,-1.0,True,,1.0
P_238,61.4584,45.7994,2017.0,KAZ,5.0,Bare,exact_year,test,59_52,-1.0,True,,1.0
P_239,61.4559,45.79,2017.0,KAZ,5.0,Bare,exact_year,test,59_52,-1.0,True,,1.0
P_240,61.4541,45.7935,2017.0,KAZ,5.0,Bare,exact_year,test,59_52,-1.0,True,,1.0
P_241,61.4518,45.798,2017.0,KAZ,3.0,Grassland,exact_year,test,59_52,-1.0,True,,1.0
P_242,61.4473,45.7967,2017.0,KAZ,3.0,Grassland,exact_year,test,59_52,-1.0,True,,1.0
P_243,61.4487,45.7924,2017.0,KAZ,5.0,Bare,exact_year,test,59_52,-1.0,True,,1.0
P_244,61.4516,45.7888,2017.0,KAZ,5.0,Bare,exact_year,test,59_52,-1.0,True,,1.0
P_245,61.65,45.7841,2017.0,KAZ,5.0,Bare,exact_year,test,59_52,-1.0,True,,1.0
P_246,61.6499,45.7889,2017.0,KAZ,1.0,Cropland,exact_year,test,59_52,-1.0,True,,1.0
P_247,61.6608,45.786,2017.0,KAZ,3.0,Grassland,exact_year,test,59_52,-1.0,True,,1.0
P_248,61.6619,45.7837,2017.0,KAZ,3.0,Grassland,exact_year,test,59_52,-1.0,True,,1.0
P_249,61.6618,45.7861,2017.0,KAZ,3.0,Grassland,exact_year,test,59_52,-1.0,True,,1.0
P_250,61.6578,45.7802,2017.0,KAZ,3.0,Grassland,exact_year,test,59_52,-1.0,True,,1.0
P_251,61.656,45.7864,2017.0,KAZ,3.0,Grassland,exact_year,test,59_52,-1.0,True,,1.0
P_252,61.6488,45.781,2017.0,KAZ,3.0,Grassland,exact_year,test,59_52,-1.0,True,,1.0
P_253,61.8558,45.7942,2017.0,KAZ,3.0,Grassland,exact_year,test,59_52,-1.0,True,,1.0
P_254,61.8559,45.7982,2017.0,KAZ,3.0,Grassland,exact_year,test,59_52,-1.0,True,,1.0
P_255,61.8607,45.7982,2017.0,KAZ,3.0,Grassland,exact_year,test,59_52,-1.0,True,,1.0
P_256,61.8561,45.8014,2017.0,UZB,3.0,Grassland,exact_year,test,59_52,-1.0,True,,1.0
P_257,61.861,45.8014,2017.0,UZB,3.0,Grassland,exact_year,test,59_52,-1.0,True,,1.0
P_258,61.8668,45.8015,2017.0,UZB,3.0,Grassland,exact_year,test,59_52,-1.0,True,,1.0
P_259,61.8615,45.794,2017.0,KAZ,3.0,Grassland,exact_year,test,59_52,-1.0,True,,1.0
P_260,61.8669,45.7939,2017.0,KAZ,3.0,Grassland,exact_year,test,59_52,-1.0,True,,1.0
P_261,61.867,45.7978,2017.0,KAZ,3.0,Grassland,exact_year,test,59_52,-1.0,True,,1.0
P_262,61.8766,45.6662,2017.0,KAZ,1.0,Cropland,exact_year,test,59_52,-1.0,True,,1.0
P_263,61.8717,45.6642,2017.0,KAZ,5.0,Bare,exact_year,test,59_52,-1.0,True,,1.0
P_264,61.8735,45.6615,2017.0,KAZ,5.0,Bare,exact_year,test,59_52,-1.0,True,,1.0
P_265,61.8673,45.6628,2017.0,KAZ,3.0,Grassland,exact_year,test,59_52,-1.0,True,,1.0
P_266,61.869,45.6601,2017.0,KAZ,3.0,Grassland,exact_year,test,59_52,-1.0,True,,1.0
P_267,61.8712,45.6572,2017.0,KAZ,3.0,Grassland,exact_year,test,59_52,-1.0,True,,1.0
P_268,61.8756,45.6587,2017.0,KAZ,5.0,Bare,exact_year,test,59_52,-1.0,True,,1.0
P_269,61.8806,45.6604,2017.0,KAZ,1.0,Cropland,exact_year,test,59_52,-1.0,True,,1.0
P_270,61.8788,45.6632,2017.0,KAZ,1.0,Cropland,exact_year,test,59_52,-1.0,True,,1.0
P_271,62.1285,45.7799,2017.0,KAZ,1.0,Cropland,exact_year,test,59_52,-1.0,True,,1.0
P_272,62.1239887,45.7842672,2017.0,KAZ,1.0,Cropland,exact_year,test,59_52,-1.0,True,,1.0
P_273,62.1204,45.7876,2017.0,KAZ,1.0,Cropland,exact_year,test,59_52,-1.0,True,,1.0
P_274,62.1243,45.7904,2017.0,KAZ,1.0,Cropland,exact_year,test,59_52,-1.0,True,,1.0
P_275,62.1286,45.7877,2017.0,KAZ,1.0,Cropland,exact_year,test,59_52,-1.0,True,,1.0
P_276,62.1339,45.7842,2017.0,KAZ,3.0,Grassland,exact_year,test,59_52,-1.0,True,,1.0
P_277,62.139414,45.7886243,2017.0,KAZ,5.0,Bare,exact_year,test,59_52,-1.0,True,,1.0
P_278,62.1347,45.7921,2017.0,KAZ,1.0,Cropland,exact_year,test,59_52,-1.0,True,,1.0
P_279,62.1302,45.7951,2017.0,KAZ,3.0,Grassland,exact_year,test,59_52,-1.0,True,,1.0
P_280,64.1341,45.2501,2017.0,KAZ,3.0,Grassland,exact_year,traindev,61_52,4.0,True,,1.0
P_281,64.1369,45.2466,2017.0,KAZ,3.0,Grassland,exact_year,traindev,61_52,4.0,True,,1.0
P_282,64.1421,45.249,2017.0,KAZ,3.0,Grassland,exact_year,traindev,61_52,4.0,True,,1.0
P_283,64.1394,45.2433,2017.0,KAZ,5.0,Bare,exact_year,traindev,61_52,4.0,True,,1.0
P_284,64.1443,45.2449,2017.0,KAZ,1.0,Cropland,exact_year,traindev,61_52,4.0,True,,1.0
P_285,64.1474,45.2462,2017.0,KAZ,1.0,Cropland,exact_year,traindev,61_52,4.0,True,,1.0
P_286,64.1446,45.2494,2017.0,KAZ,3.0,Grassland,exact_year,traindev,61_52,4.0,True,,1.0
P_287,64.1417,45.253,2017.0,KAZ,3.0,Grassland,exact_year,traindev,61_52,4.0,True,,1.0
P_288,64.1377,45.2514,2017.0,KAZ,3.0,Grassland,exact_year,traindev,61_52,4.0,True,,1.0
P_289,64.4996,45.0276,2017.0,KAZ,1.0,Cropland,exact_year,traindev,62_51,0.0,True,,1.0
P_290,64.4996,45.0315,2017.0,KAZ,1.0,Cropland,exact_year,traindev,62_51,0.0,True,,1.0
P_291,64.4994,45.034,2017.0,KAZ,1.0,Cropland,exact_year,traindev,62_51,0.0,True,,1.0
P_292,64.5049,45.0339,2017.0,KAZ,1.0,Cropland,exact_year,traindev,62_51,0.0,True,,1.0
P_293,64.5047,45.0316,2017.0,KAZ,1.0,Cropland,exact_year,traindev,62_51,0.0,True,,1.0
P_294,64.5046,45.0277,2017.0,KAZ,1.0,Cropland,exact_year,traindev,62_51,0.0,True,,1.0
P_295,64.5086,45.0277,2017.0,KAZ,1.0,Cropland,exact_year,traindev,62_51,0.0,True,,1.0
P_296,64.5085,45.0318,2017.0,KAZ,1.0,Cropland,exact_year,traindev,62_51,0.0,True,,1.0
P_297,64.5084,45.034,2017.0,KAZ,1.0,Cropland,exact_year,traindev,62_51,0.0,True,,1.0
P_298,64.6039,44.9387,2017.0,KAZ,1.0,Cropland,exact_year,traindev,62_51,0.0,True,,1.0
P_299,64.5962,44.9377,2017.0,KAZ,1.0,Cropland,exact_year,traindev,62_51,0.0,True,,1.0
P_300,65.593,44.9342,2017.0,KAZ,1.0,Cropland,exact_year,traindev,63_51,2.0,True,,1.0
P_301,64.5902,44.9355,2017.0,KAZ,1.0,Cropland,exact_year,traindev,62_51,0.0,True,,1.0
P_302,64.5894,44.9381,2017.0,KAZ,1.0,Cropland,exact_year,traindev,62_51,0.0,True,,1.0
P_303,64.5916,44.9408,2017.0,KAZ,1.0,Cropland,exact_year,traindev,62_51,0.0,True,,1.0
P_304,64.5973,44.9396,2017.0,KAZ,1.0,Cropland,exact_year,traindev,62_51,0.0,True,,1.0
P_305,64.6018,44.9364,2017.0,KAZ,1.0,Cropland,exact_year,traindev,62_51,0.0,True,,1.0
P_306,64.5977,44.932,2017.0,KAZ,1.0,Cropland,exact_year,traindev,62_51,0.0,True,,1.0
P_307,65.0049,44.9785,2017.0,KAZ,3.0,Grassland,exact_year,traindev,62_51,0.0,True,,1.0
P_308,65.0042,44.9736,2017.0,KAZ,3.0,Grassland,exact_year,traindev,62_51,0.0,True,,1.0
P_309,65.0042,44.9709,2017.0,KAZ,3.0,Grassland,exact_year,traindev,62_51,0.0,True,,1.0
P_310,64.999,44.971,2017.0,KAZ,3.0,Grassland,exact_year,traindev,62_51,0.0,True,,1.0
P_311,64.9988,44.974,2017.0,KAZ,3.0,Grassland,exact_year,traindev,62_51,0.0,True,,1.0
P_312,64.9992,44.9784,2017.0,KAZ,3.0,Grassland,exact_year,traindev,62_51,0.0,True,,1.0
P_313,64.9928,44.9783,2017.0,KAZ,1.0,Cropland,exact_year,traindev,62_51,0.0,True,,1.0
P_314,64.9926,44.9738,2017.0,KAZ,1.0,Cropland,exact_year,traindev,62_51,0.0,True,,1.0
P_315,64.9925,44.971,2017.0,KAZ,1.0,Cropland,exact_year,traindev,62_51,0.0,True,,1.0
P_316,64.8885,44.8766,2017.0,KAZ,1.0,Cropland,exact_year,traindev,62_51,0.0,True,,1.0
P_317,64.8916,44.8734,2017.0,KAZ,1.0,Cropland,exact_year,traindev,62_51,0.0,True,,1.0
P_318,64.884,44.874,2017.0,KAZ,1.0,Cropland,exact_year,traindev,62_51,0.0,True,,1.0
P_319,64.8876,44.8709,2017.0,KAZ,1.0,Cropland,exact_year,traindev,62_51,0.0,True,,1.0
P_320,64.8907,44.8682,2017.0,KAZ,1.0,Cropland,exact_year,traindev,62_51,0.0,True,,1.0
P_321,64.8956,44.8705,2017.0,KAZ,1.0,Cropland,exact_year,traindev,62_51,0.0,True,,1.0
P_322,64.9002,44.873,2017.0,KAZ,1.0,Cropland,exact_year,traindev,62_51,0.0,True,,1.0
P_323,64.8962,44.8764,2017.0,KAZ,4.0,Shrubland,exact_year,traindev,62_51,0.0,True,,1.0
P_324,64.8928,44.8792,2017.0,KAZ,1.0,Cropland,exact_year,traindev,62_51,0.0,True,,1.0
P_325,66.9915,44.1186,2017.0,KAZ,3.0,Grassland,exact_year,traindev,64_50,4.0,True,,1.0
P_326,66.9881,44.115,2017.0,KAZ,3.0,Grassland,exact_year,traindev,64_50,4.0,True,,1.0
P_327,66.9833,44.1174,2017.0,KAZ,1.0,Cropland,exact_year,traindev,64_50,4.0,True,,1.0
P_328,66.9853,44.1118,2017.0,KAZ,3.0,Grassland,exact_year,traindev,64_50,4.0,True,,1.0
P_329,66.9802,44.114,2017.0,KAZ,3.0,Grassland,exact_year,traindev,64_50,4.0,True,,1.0
P_330,66.9747,44.1165,2017.0,KAZ,5.0,Bare,exact_year,traindev,64_50,4.0,True,,1.0
P_331,66.9784,44.1208,2017.0,KAZ,3.0,Grassland,exact_year,traindev,64_50,4.0,True,,1.0
P_332,66.9809,44.1231,2017.0,KAZ,3.0,Grassland,exact_year,traindev,64_50,4.0,True,,1.0
P_333,66.9863,44.1209,2017.0,KAZ,1.0,Cropland,exact_year,traindev,64_50,4.0,True,,1.0
P_334,67.1482,43.8746,2017.0,KAZ,3.0,Grassland,exact_year,traindev,64_50,4.0,True,,1.0
P_335,67.1507,43.8708,2017.0,KAZ,1.0,Cropland,exact_year,traindev,64_50,4.0,True,,1.0
P_336,67.1463,43.8688,2017.0,KAZ,1.0,Cropland,exact_year,traindev,64_50,4.0,True,,1.0
P_337,67.1419,43.8669,2017.0,KAZ,1.0,Cropland,exact_year,traindev,64_50,4.0,True,,1.0
P_338,67.1385,43.8708,2017.0,KAZ,1.0,Cropland,exact_year,traindev,64_50,4.0,True,,1.0
P_339,67.1433,43.8728,2017.0,KAZ,1.0,Cropland,exact_year,traindev,64_50,4.0,True,,1.0
P_340,67.1353,43.8749,2017.0,KAZ,3.0,Grassland,exact_year,traindev,64_50,4.0,True,,1.0
P_341,67.1399,43.8768,2017.0,KAZ,3.0,Grassland,exact_year,traindev,64_50,4.0,True,,1.0
P_342,67.1446,43.8789,2017.0,KAZ,3.0,Grassland,exact_year,traindev,64_50,4.0,True,,1.0
P-01,68.4112,42.775152,2017.0,KAZ,1.0,Cropland,exact_year,test,66_49,-1.0,True,,1.0
P-02,68.405739,42.773295,2017.0,KAZ,1.0,Cropland,exact_year,test,66_49,-1.0,True,,1.0
P-03,68.400859,42.771286,2017.0,KAZ,1.0,Cropland,exact_year,traindev,65_49,2.0,True,,1.0
P-04,68.403666,42.767307,2017.0,KAZ,1.0,Cropland,exact_year,test,66_49,-1.0,True,,1.0
P-05,68.409294,42.769672,2017.0,KAZ,1.0,Cropland,exact_year,test,66_49,-1.0,True,,1.0
P-06,68.414772,42.771678,2017.0,KAZ,1.0,Cropland,exact_year,test,66_49,-1.0,True,,1.0
P-07,68.407073,42.762899,2017.0,KAZ,1.0,Cropland,exact_year,test,66_49,-1.0,True,,1.0
P-08,68.413202,42.765489,2017.0,KAZ,1.0,Cropland,exact_year,test,66_49,-1.0,True,,1.0
P-09,68.418264,42.767676,2017.0,KAZ,1.0,Cropland,exact_year,test,66_49,-1.0,True,,1.0
P-10,68.47935,43.17821,2017.0,KAZ,1.0,Cropland,exact_year,test,66_50,-1.0,True,,1.0
P-100,69.318159,41.49691,2017.0,KAZ,1.0,Cropland,exact_year,traindev,66_48,3.0,True,,1.0
P-101,69.322208,41.500566,2017.0,KAZ,1.0,Cropland,exact_year,traindev,66_48,3.0,True,,1.0
P-102,69.313029,41.499631,2017.0,KAZ,1.0,Cropland,exact_year,traindev,66_48,3.0,True,,1.0
P-103,69.307849,41.502475,2017.0,KAZ,3.0,Grassland,exact_year,traindev,66_48,3.0,True,,1.0
P-104,69.312,41.50584,2017.0,KAZ,1.0,Cropland,exact_year,traindev,66_48,3.0,True,,1.0
P-105,69.31533,41.50949,2017.0,KAZ,1.0,Cropland,exact_year,traindev,66_48,3.0,True,,1.0
P-106,69.31591,41.50296,2017.0,KAZ,3.0,Grassland,exact_year,traindev,66_48,3.0,True,,1.0
P-107,69.325006,41.50405,2017.0,KAZ,1.0,Cropland,exact_year,traindev,66_48,3.0,True,,1.0
P-108,69.32031,41.50685,2017.0,KAZ,1.0,Cropland,exact_year,traindev,66_48,3.0,True,,1.0
P-109,69.497633,41.931706,2017.0,KAZ,1.0,Cropland,exact_year,traindev,67_48,4.0,True,,1.0
P-11,68.48269,43.17616,2017.0,KAZ,1.0,Cropland,exact_year,test,66_50,-1.0,True,,1.0
P-110,69.495329,41.928319,2017.0,KAZ,1.0,Cropland,exact_year,traindev,67_48,4.0,True,,1.0
P-111,69.490706,41.924606,2017.0,KAZ,1.0,Cropland,exact_year,traindev,67_48,4.0,True,,1.0
P-112,69.50264,41.92884,2017.0,KAZ,1.0,Cropland,exact_year,traindev,67_48,4.0,True,,1.0
P-113,69.49954,41.925499,2017.0,KAZ,1.0,Cropland,exact_year,traindev,67_48,4.0,True,,1.0
P-114,69.49541,41.92182,2017.0,KAZ,1.0,Cropland,exact_year,traindev,67_48,4.0,True,,1.0
P-115,69.486219,41.926875,2017.0,KAZ,1.0,Cropland,exact_year,traindev,67_48,4.0,True,,1.0
P-116,69.489658,41.930823,2017.0,KAZ,1.0,Cropland,exact_year,traindev,67_48,4.0,True,,1.0
P-117,69.492861,41.933978,2017.0,KAZ,1.0,Cropland,exact_year,traindev,67_48,4.0,True,,1.0
P-118,69.929035,42.143957,2017.0,KAZ,1.0,Cropland,exact_year,traindev,67_49,1.0,True,,1.0
P-119,69.925695,42.140553,2017.0,KAZ,1.0,Cropland,exact_year,traindev,67_49,1.0,True,,1.0
P-12,68.486926,43.173394,2017.0,KAZ,1.0,Cropland,exact_year,test,66_50,-1.0,True,,1.0
P-120,69.921821,42.136623,2017.0,KAZ,1.0,Cropland,exact_year,traindev,67_49,1.0,True,,1.0
P-121,69.924377,42.146878,2017.0,KAZ,1.0,Cropland,exact_year,traindev,67_49,1.0,True,,1.0
P-122,69.920858,42.14342,2017.0,KAZ,1.0,Cropland,exact_year,traindev,67_49,1.0,True,,1.0
P-123,69.916865,42.13939,2017.0,KAZ,1.0,Cropland,exact_year,traindev,67_49,1.0,True,,1.0
P-124,69.918794,42.149592,2017.0,KAZ,1.0,Cropland,exact_year,traindev,67_49,1.0,True,,1.0
P-125,69.915619,42.146463,2017.0,KAZ,1.0,Cropland,exact_year,traindev,67_49,1.0,True,,1.0
P-126,69.911536,42.142282,2017.0,KAZ,1.0,Cropland,exact_year,traindev,67_49,1.0,True,,1.0
P-127,69.32439,43.459,2017.0,KAZ,1.0,Cropland,exact_year,test,66_50,-1.0,True,,1.0
P-128,69.31858,43.46134,2017.0,KAZ,1.0,Cropland,exact_year,test,66_50,-1.0,True,,1.0
P-129,69.31278,43.46296,2017.0,KAZ,1.0,Cropland,exact_year,test,66_50,-1.0,True,,1.0
P-13,68.47222,43.1712,2017.0,KAZ,1.0,Cropland,exact_year,test,66_50,-1.0,True,,1.0
P-130,69.30911,43.45901,2017.0,KAZ,1.0,Cropland,exact_year,test,66_50,-1.0,True,,1.0
P-131,69.30676,43.45519,2017.0,KAZ,1.0,Cropland,exact_year,test,66_50,-1.0,True,,1.0
P-132,69.3114,43.45388,2017.0,KAZ,1.0,Cropland,exact_year,test,66_50,-1.0,True,,1.0
P-133,69.31677,43.45179,2017.0,KAZ,1.0,Cropland,exact_year,test,66_50,-1.0,True,,1.0
P-134,69.32033,43.45509,2017.0,KAZ,1.0,Cropland,exact_year,test,66_50,-1.0,True,,1.0
P-135,69.31561,43.45808,2017.0,KAZ,1.0,Cropland,exact_year,test,66_50,-1.0,True,,1.0
P-136,69.6314,43.78615,2017.0,KAZ,1.0,Cropland,exact_year,traindev,67_50,2.0,True,,1.0
P-137,69.62789,43.78196,2017.0,KAZ,1.0,Cropland,exact_year,traindev,67_50,2.0,True,,1.0
P-138,69.62456,43.77864,2017.0,KAZ,1.0,Cropland,exact_year,traindev,67_50,2.0,True,,1.0
P-139,69.61964,43.78058,2017.0,KAZ,1.0,Cropland,exact_year,traindev,67_50,2.0,True,,1.0
P-14,68.47563,43.1692,2017.0,KAZ,3.0,Grassland,exact_year,test,66_50,-1.0,True,,1.0
P-140,69.62236,43.78447,2017.0,KAZ,1.0,Cropland,exact_year,traindev,67_50,2.0,True,,1.0
P-141,69.62498,43.78817,2017.0,KAZ,1.0,Cropland,exact_year,traindev,67_50,2.0,True,,1.0
P-142,69.61313,43.78252,2017.0,KAZ,1.0,Cropland,exact_year,traindev,67_50,2.0,True,,1.0
P-143,69.61579,43.78621,2017.0,KAZ,1.0,Cropland,exact_year,traindev,67_50,2.0,True,,1.0
P-144,69.61894,43.7902,2017.0,KAZ,1.0,Cropland,exact_year,traindev,67_50,2.0,True,,1.0
P-145,69.60666,42.96556,2017.0,KAZ,1.0,Cropland,exact_year,traindev,67_49,1.0,True,,1.0
P-146,69.60098,42.96473,2017.0,KAZ,1.0,Cropland,exact_year,traindev,67_49,1.0,True,,1.0
P-147,69.59578,42.96226,2017.0,KAZ,1.0,Cropland,exact_year,traindev,67_49,1.0,True,,1.0
P-148,69.59953,42.95883,2017.0,KAZ,1.0,Cropland,exact_year,traindev,67_49,1.0,True,,1.0
P-149,69.6035,42.95456,2017.0,KAZ,1.0,Cropland,exact_year,traindev,67_49,1.0,True,,1.0
P-15,68.479521,43.172511,2017.0,KAZ,3.0,Grassland,exact_year,test,66_50,-1.0,True,,1.0
P-150,69.60987,42.95595,2017.0,KAZ,1.0,Cropland,exact_year,traindev,67_49,1.0,True,,1.0
P-151,69.60603,42.96025,2017.0,KAZ,1.0,Cropland,exact_year,traindev,67_49,1.0,True,,1.0
P-152,69.61173,42.96163,2017.0,KAZ,1.0,Cropland,exact_year,traindev,67_49,1.0,True,,1.0
P-153,69.61663,42.95797,2017.0,KAZ,1.0,Cropland,exact_year,traindev,67_49,1.0,True,,1.0
P-154,69.25059,42.70182,2017.0,KAZ,4.0,Shrubland,exact_year,test,66_49,-1.0,True,,1.0
P-155,69.256132,42.70164,2017.0,KAZ,4.0,Shrubland,exact_year,test,66_49,-1.0,True,,1.0
P-156,69.26149,42.70112,2017.0,KAZ,4.0,Shrubland,exact_year,test,66_49,-1.0,True,,1.0
P-157,69.260748,42.705168,2017.0,KAZ,4.0,Shrubland,exact_year,test,66_49,-1.0,True,,1.0
P-158,69.255643,42.706197,2017.0,KAZ,4.0,Shrubland,exact_year,test,66_49,-1.0,True,,1.0
P-159,69.2493,42.70693,2017.0,KAZ,4.0,Shrubland,exact_year,test,66_49,-1.0,True,,1.0
P-16,68.47586,43.17451,2017.0,KAZ,1.0,Cropland,exact_year,test,66_50,-1.0,True,,1.0
P-160,69.26059,42.70852,2017.0,KAZ,4.0,Shrubland,exact_year,test,66_49,-1.0,True,,1.0
P-161,69.255504,42.709833,2017.0,KAZ,4.0,Shrubland,exact_year,test,66_49,-1.0,True,,1.0
P-162,69.24889,42.71088,2017.0,KAZ,4.0,Shrubland,exact_year,test,66_49,-1.0,True,,1.0
P-163,68.9740256,42.67862894,2017.0,KAZ,1.0,Cropland,exact_year,test,66_49,-1.0,True,,1.0
P-164,68.97619,42.67517,2017.0,KAZ,1.0,Cropland,exact_year,test,66_49,-1.0,True,,1.0
P-165,68.97194,42.67227,2017.0,KAZ,1.0,Cropland,exact_year,test,66_49,-1.0,True,,1.0
P-166,68.96749,42.66905,2017.0,KAZ,1.0,Cropland,exact_year,test,66_49,-1.0,True,,1.0
P-167,68.97934,42.672,2017.0,KAZ,1.0,Cropland,exact_year,test,66_49,-1.0,True,,1.0
P-168,68.96387,42.67334,2017.0,KAZ,1.0,Cropland,exact_year,test,66_49,-1.0,True,,1.0
P-169,68.9637809,42.674035,2017.0,KAZ,3.0,Grassland,exact_year,test,66_49,-1.0,True,,1.0
P-17,68.47925,43.1673,2017.0,KAZ,1.0,Cropland,exact_year,test,66_50,-1.0,True,,1.0
P-170,68.9751404,42.6768913,2017.0,KAZ,1.0,Cropland,exact_year,test,66_49,-1.0,True,,1.0
P-18,68.482602,43.170359,2017.0,KAZ,3.0,Grassland,exact_year,test,66_50,-1.0,True,,1.0
P-19,68.970075,42.915036,2017.0,KAZ,1.0,Cropland,exact_year,test,66_49,-1.0,True,,1.0
P-20,68.966918,42.912062,2017.0,KAZ,1.0,Cropland,exact_year,test,66_49,-1.0,True,,1.0
P-21,68.96247,42.9082,2017.0,KAZ,1.0,Cropland,exact_year,test,66_49,-1.0,True,,1.0
P-22,68.957426,42.911387,2017.0,KAZ,1.0,Cropland,exact_year,test,66_49,-1.0,True,,1.0
P-23,68.961563,42.915101,2017.0,KAZ,1.0,Cropland,exact_year,test,66_49,-1.0,True,,1.0
P-24,68.965192,42.918011,2017.0,KAZ,1.0,Cropland,exact_year,test,66_49,-1.0,True,,1.0
P-25,68.960251,42.920329,2017.0,KAZ,1.0,Cropland,exact_year,test,66_49,-1.0,True,,1.0
P-26,68.957329,42.917992,2017.0,KAZ,1.0,Cropland,exact_year,test,66_49,-1.0,True,,1.0
P-27,68.952796,42.91416,2017.0,KAZ,1.0,Cropland,exact_year,test,66_49,-1.0,True,,1.0
P-28,68.75846,42.88317,2017.0,KAZ,1.0,Cropland,exact_year,test,66_49,-1.0,True,,1.0
P-29,68.760454,42.878913,2017.0,KAZ,1.0,Cropland,exact_year,test,66_49,-1.0,True,,1.0
P-30,68.766041,42.880328,2017.0,KAZ,1.0,Cropland,exact_year,test,66_49,-1.0,True,,1.0
P-31,68.76393,42.88417,2017.0,KAZ,1.0,Cropland,exact_year,test,66_49,-1.0,True,,1.0
P-32,68.770769,42.885757,2017.0,KAZ,1.0,Cropland,exact_year,test,66_49,-1.0,True,,1.0
P-33,68.77232,42.881474,2017.0,KAZ,1.0,Cropland,exact_year,test,66_49,-1.0,True,,1.0
P-34,68.774143,42.876581,2017.0,KAZ,1.0,Cropland,exact_year,test,66_49,-1.0,True,,1.0
P-35,68.768916,42.875608,2017.0,KAZ,1.0,Cropland,exact_year,test,66_49,-1.0,True,,1.0
P-36,68.761968,42.874398,2017.0,KAZ,1.0,Cropland,exact_year,test,66_49,-1.0,True,,1.0
P-37,68.55849,40.66662,2017.0,KAZ,1.0,Cropland,exact_year,traindev,66_47,3.0,True,,1.0
P-38,68.56395,40.66656,2017.0,KAZ,1.0,Cropland,exact_year,traindev,66_47,3.0,True,,1.0
P-39,68.56939,40.66643,2017.0,KAZ,1.0,Cropland,exact_year,traindev,66_47,3.0,True,,1.0
P-40,68.569483,40.670641,2017.0,KAZ,1.0,Cropland,exact_year,traindev,66_47,3.0,True,,1.0
P-41,68.56978,40.67491,2017.0,KAZ,1.0,Cropland,exact_year,traindev,66_47,3.0,True,,1.0
P-42,68.5641,40.67508,2017.0,KAZ,1.0,Cropland,exact_year,traindev,66_47,3.0,True,,1.0
P-43,68.55833,40.67505,2017.0,KAZ,1.0,Cropland,exact_year,traindev,66_47,3.0,True,,1.0
P-44,68.55804,40.67086,2017.0,KAZ,1.0,Cropland,exact_year,traindev,66_47,3.0,True,,1.0
P-45,68.564328,40.670726,2017.0,KAZ,1.0,Cropland,exact_year,traindev,66_47,3.0,True,,1.0
P-46,68.1991,40.99618,2017.0,KAZ,1.0,Cropland,exact_year,traindev,65_48,3.0,True,,1.0
P-47,68.20414,40.99467,2017.0,KAZ,1.0,Cropland,exact_year,traindev,65_48,3.0,True,,1.0
P-48,68.20926,40.99319,2017.0,KAZ,1.0,Cropland,exact_year,traindev,65_48,3.0,True,,1.0
P-49,68.20074,41.00146,2017.0,KAZ,1.0,Cropland,exact_year,traindev,65_48,3.0,True,,1.0
P-50,68.20195,41.00494,2017.0,KAZ,1.0,Cropland,exact_year,traindev,65_48,3.0,True,,1.0
P-51,68.20747,41.00341,2017.0,KAZ,1.0,Cropland,exact_year,traindev,65_48,3.0,True,,1.0
P-52,68.21275,41.00203,2017.0,KAZ,1.0,Cropland,exact_year,traindev,65_48,3.0,True,,1.0
P-53,68.20676,40.99845,2017.0,KAZ,1.0,Cropland,exact_year,traindev,65_48,3.0,True,,1.0
P-54,68.21125,40.9971,2017.0,KAZ,1.0,Cropland,exact_year,traindev,65_48,3.0,True,,1.0
P-55,68.053158,41.954554,2017.0,KAZ,3.0,Grassland,exact_year,traindev,65_48,3.0,True,,1.0
P-56,68.053078,41.959708,2017.0,KAZ,1.0,Cropland,exact_year,traindev,65_48,3.0,True,,1.0
P-57,68.052749,41.963838,2017.0,KAZ,1.0,Cropland,exact_year,traindev,65_48,3.0,True,,1.0
P-58,68.05961,41.963805,2017.0,KAZ,1.0,Cropland,exact_year,traindev,65_48,3.0,True,,1.0
P-59,68.06545,41.963947,2017.0,KAZ,3.0,Grassland,exact_year,traindev,65_48,3.0,True,,1.0
P-60,68.05942,41.95986,2017.0,KAZ,1.0,Cropland,exact_year,traindev,65_48,3.0,True,,1.0
P-61,68.065244,41.959875,2017.0,KAZ,3.0,Grassland,exact_year,traindev,65_48,3.0,True,,1.0
P-62,68.065592,41.954804,2017.0,KAZ,1.0,Cropland,exact_year,traindev,65_48,3.0,True,,1.0
P-63,68.059657,41.95456,2017.0,KAZ,3.0,Grassland,exact_year,traindev,65_48,3.0,True,,1.0
P-64,68.01996,41.497987,2017.0,KAZ,1.0,Cropland,exact_year,traindev,65_48,3.0,True,,1.0
P-65,68.019174,41.502281,2017.0,KAZ,1.0,Cropland,exact_year,traindev,65_48,3.0,True,,1.0
P-66,68.02533,41.49854,2017.0,KAZ,1.0,Cropland,exact_year,traindev,65_48,3.0,True,,1.0
P-67,68.02454,41.50251,2017.0,KAZ,1.0,Cropland,exact_year,traindev,65_48,3.0,True,,1.0
P-68,68.02367,41.50712,2017.0,KAZ,1.0,Cropland,exact_year,traindev,65_48,3.0,True,,1.0
P-69,68.0193,41.50657,2017.0,KAZ,1.0,Cropland,exact_year,traindev,65_48,3.0,True,,1.0
P-70,68.01487,41.49725,2017.0,KAZ,1.0,Cropland,exact_year,traindev,65_48,3.0,True,,1.0
P-71,68.01402,41.5019,2017.0,KAZ,1.0,Cropland,exact_year,traindev,65_48,3.0,True,,1.0
P-72,68.013193,41.50571,2017.0,KAZ,1.0,Cropland,exact_year,traindev,65_48,3.0,True,,1.0
P-73,70.170314,42.538206,2017.0,KAZ,1.0,Cropland,exact_year,traindev,67_49,1.0,True,,1.0
P-74,70.169377,42.547636,2017.0,KAZ,1.0,Cropland,exact_year,traindev,67_49,1.0,True,,1.0
P-75,70.167374,42.543966,2017.0,KAZ,1.0,Cropland,exact_year,traindev,67_49,1.0,True,,1.0
P-76,70.164767,42.539573,2017.0,KAZ,1.0,Cropland,exact_year,traindev,67_49,1.0,True,,1.0
P-77,70.176341,42.536238,2017.0,KAZ,1.0,Cropland,exact_year,traindev,67_49,1.0,True,,1.0
P-78,70.172974,42.542342,2017.0,KAZ,1.0,Cropland,exact_year,traindev,67_49,1.0,True,,1.0
P-79,70.179167,42.54067,2017.0,KAZ,1.0,Cropland,exact_year,traindev,67_49,1.0,True,,1.0
P-80,70.181077,42.544565,2017.0,KAZ,1.0,Cropland,exact_year,traindev,67_49,1.0,True,,1.0
P-81,70.175488,42.546067,2017.0,KAZ,1.0,Cropland,exact_year,traindev,67_49,1.0,True,,1.0
P-82,70.053337,42.555075,2017.0,KAZ,1.0,Cropland,exact_year,traindev,67_49,1.0,True,,1.0
P-83,70.047129,42.555895,2017.0,KAZ,1.0,Cropland,exact_year,traindev,67_49,1.0,True,,1.0
P-84,70.041039,42.556975,2017.0,KAZ,1.0,Cropland,exact_year,traindev,67_49,1.0,True,,1.0
P-85,70.042462,42.561612,2017.0,KAZ,1.0,Cropland,exact_year,traindev,67_49,1.0,True,,1.0
P-86,70.043683,42.565475,2017.0,KAZ,1.0,Cropland,exact_year,traindev,67_49,1.0,True,,1.0
P-87,70.049915,42.564693,2017.0,KAZ,1.0,Cropland,exact_year,traindev,67_49,1.0,True,,1.0
P-88,70.048497,42.560857,2017.0,KAZ,1.0,Cropland,exact_year,traindev,67_49,1.0,True,,1.0
P-89,70.054776,42.559813,2017.0,KAZ,1.0,Cropland,exact_year,traindev,67_49,1.0,True,,1.0
P-90,70.05584,42.56409,2017.0,KAZ,1.0,Cropland,exact_year,traindev,67_49,1.0,True,,1.0
P-91,68.786125,41.182898,2017.0,KAZ,1.0,Cropland,exact_year,traindev,66_48,3.0,True,,1.0
P-92,68.79165,41.18062,2017.0,KAZ,1.0,Cropland,exact_year,traindev,66_48,3.0,True,,1.0
P-93,68.79624,41.17883,2017.0,KAZ,1.0,Cropland,exact_year,traindev,66_48,3.0,True,,1.0
P-94,68.789099,41.187004,2017.0,KAZ,1.0,Cropland,exact_year,traindev,66_48,3.0,True,,1.0
P-95,68.79482,41.184679,2017.0,KAZ,1.0,Cropland,exact_year,traindev,66_48,3.0,True,,1.0
P-96,68.79905,41.182966,2017.0,KAZ,1.0,Cropland,exact_year,traindev,66_48,3.0,True,,1.0
P-97,68.791507,41.190289,2017.0,KAZ,1.0,Cropland,exact_year,traindev,66_48,3.0,True,,1.0
P-98,68.797569,41.188388,2017.0,KAZ,1.0,Cropland,exact_year,traindev,66_48,3.0,True,,1.0
P-99,68.80204,41.186722,2017.0,KAZ,1.0,Cropland,exact_year,traindev,66_48,3.0,True,,1.0
P11.3,64.471316,45.141391,2017.0,KAZ,1.0,Cropland,exact_year,traindev,62_51,0.0,True,,1.0
P11.1,64.472048,45.142136,2017.0,KAZ,1.0,Cropland,exact_year,traindev,62_51,0.0,True,,1.0
P16.1,64.611068,45.115906,2017.0,KAZ,5.0,Bare,exact_year,traindev,62_51,0.0,True,,1.0
P12.4,64.611512,45.11642,2017.0,KAZ,5.0,Bare,exact_year,traindev,62_51,0.0,True,,1.0
P16.3,64.968166,45.088415,2017.0,KAZ,1.0,Cropland,exact_year,traindev,62_51,0.0,True,,1.0
P12.3,65.021796,45.121755,2017.0,KAZ,4.0,Shrubland,exact_year,traindev,62_51,0.0,True,,1.0
P11.5,65.021918,45.121267,2017.0,KAZ,4.0,Shrubland,exact_year,traindev,62_51,0.0,True,,1.0
P12.1,65.022859,45.121012,2017.0,KAZ,4.0,Shrubland,exact_year,traindev,62_51,0.0,True,,1.0
P15.3,65.155129,45.028888,2017.0,KAZ,4.0,Shrubland,exact_year,traindev,62_51,0.0,True,,1.0
P14.1,65.156803,45.028364,2017.0,KAZ,4.0,Shrubland,exact_year,traindev,62_51,0.0,True,,1.0
P8.1,65.320664,44.991334,2017.0,KAZ,5.0,Bare,exact_year,traindev,63_51,2.0,True,,1.0
P14.2,65.321291,44.992295,2017.0,KAZ,4.0,Shrubland,exact_year,traindev,63_51,2.0,True,,1.0
P1.3,65.158213,44.774809,2017.0,KAZ,4.0,Shrubland,exact_year,traindev,62_51,0.0,True,,1.0
P1.2,65.159025,44.77539,2017.0,KAZ,4.0,Shrubland,exact_year,traindev,62_51,0.0,True,,1.0
P1.4,65.159358,44.774467,2017.0,KAZ,4.0,Shrubland,exact_year,traindev,62_51,0.0,True,,1.0
P24.3,65.117752,44.719055,2017.0,KAZ,5.0,Bare,exact_year,traindev,62_51,0.0,True,,1.0
P25.2,65.118352,44.718171,2017.0,KAZ,5.0,Bare,exact_year,traindev,62_51,0.0,True,,1.0
P27.1,65.040261,44.691329,2017.0,KAZ,5.0,Bare,exact_year,traindev,62_51,0.0,True,,1.0
P24.1,64.786902,44.658265,2017.0,KAZ,5.0,Bare,exact_year,traindev,62_51,0.0,True,,1.0
P25.4,64.737864,44.705734,2017.0,KAZ,4.0,Shrubland,exact_year,traindev,62_51,0.0,True,,1.0
P3.4,64.622177,44.787232,2017.0,KAZ,5.0,Bare,exact_year,traindev,62_51,0.0,True,,1.0
P5.3,64.388604,44.838178,2017.0,KAZ,5.0,Bare,exact_year,traindev,62_51,0.0,True,,1.0
P4.2,64.34154,44.866342,2017.0,KAZ,1.0,Cropland,exact_year,traindev,62_51,0.0,True,,1.0
P7.3,64.341601,44.867363,2017.0,KAZ,1.0,Cropland,exact_year,traindev,62_51,0.0,True,,1.0
P7.4,64.341915,44.866957,2017.0,KAZ,1.0,Cropland,exact_year,traindev,62_51,0.0,True,,1.0
P4.1,64.342646,44.86638,2017.0,KAZ,1.0,Cropland,exact_year,traindev,62_51,0.0,True,,1.0
S100,62.432698,45.865541,2018.0,KAZ,3.0,Grassland,exact_year,traindev,60_52,1.0,True,,1.0
S101,61.454193,45.688291,2018.0,KAZ,3.0,Grassland,exact_year,test,59_52,-1.0,True,,1.0
S102,61.454763,45.681883,2018.0,KAZ,1.0,Cropland,exact_year,test,59_52,-1.0,True,,1.0
S103,61.452167,45.678132,2018.0,KAZ,1.0,Cropland,exact_year,test,59_52,-1.0,True,,1.0
S104,61.452214,45.670952,2018.0,KAZ,1.0,Cropland,exact_year,test,59_52,-1.0,True,,1.0
S105,61.483394,45.70324,2018.0,KAZ,3.0,Grassland,exact_year,test,59_52,-1.0,True,,1.0
S106,61.365863,45.690985,2018.0,KAZ,3.0,Grassland,exact_year,test,59_52,-1.0,True,,1.0
S107,61.37419,45.695488,2018.0,KAZ,3.0,Grassland,exact_year,test,59_52,-1.0,True,,1.0
S108,61.449336,45.675618,2018.0,KAZ,1.0,Cropland,exact_year,test,59_52,-1.0,True,,1.0
S109,61.449349,45.665165,2018.0,KAZ,1.0,Cropland,exact_year,test,59_52,-1.0,True,,1.0
S110,61.43742,45.664809,2018.0,KAZ,3.0,Grassland,exact_year,test,59_52,-1.0,True,,1.0
S111,61.664615,45.664615,2018.0,KAZ,3.0,Grassland,exact_year,test,59_52,-1.0,True,,1.0
S112,61.385851,45.664302,2018.0,KAZ,5.0,Bare,exact_year,test,59_52,-1.0,True,,1.0
S113,61.388372,45.675844,2018.0,KAZ,1.0,Cropland,exact_year,test,59_52,-1.0,True,,1.0
S114,61.772175,46.673104,2018.0,KAZ,5.0,Bare,exact_year,traindev,59_53,3.0,True,,1.0
S115,61.883776,46.440852,2018.0,KAZ,5.0,Bare,exact_year,traindev,59_53,3.0,True,,1.0
S116,61.889437,46.153647,2018.0,KAZ,3.0,Grassland,exact_year,test,59_52,-1.0,True,,1.0
S117,61.84014,46.130246,2018.0,KAZ,3.0,Grassland,exact_year,test,59_52,-1.0,True,,1.0
S118,61.787843,46.12412,2018.0,KAZ,3.0,Grassland,exact_year,test,59_52,-1.0,True,,1.0
S119,61.621032,46.156759,2018.0,KAZ,3.0,Grassland,exact_year,test,59_52,-1.0,True,,1.0
S120,61.488225,46.102496,2018.0,KAZ,3.0,Grassland,exact_year,test,59_52,-1.0,True,,1.0
S121,61.457091,46.088794,2018.0,KAZ,4.0,Shrubland,exact_year,test,59_52,-1.0,True,,1.0
S122,61.43631,46.082372,2018.0,KAZ,5.0,Bare,exact_year,test,59_52,-1.0,True,,1.0
S123,61.396386,46.058205,2018.0,KAZ,3.0,Grassland,exact_year,test,59_52,-1.0,True,,1.0
S124,60.893604,45.588539,2018.0,KAZ,3.0,Grassland,exact_year,traindev,58_52,1.0,True,,1.0
S125,60.912059,45.608637,2018.0,KAZ,5.0,Bare,exact_year,traindev,58_52,1.0,True,,1.0
S126,60.928608,45.624813,2018.0,KAZ,4.0,Shrubland,exact_year,traindev,58_52,1.0,True,,1.0
S127,60.9836,45.648156,2018.0,KAZ,4.0,Shrubland,exact_year,traindev,58_52,1.0,True,,1.0
S128,60.987777,45.656316,2018.0,KAZ,4.0,Shrubland,exact_year,traindev,58_52,1.0,True,,1.0
S129,61.018802,45.657462,2018.0,KAZ,4.0,Shrubland,exact_year,traindev,58_52,1.0,True,,1.0
S130,61.213133,45.725247,2018.0,KAZ,5.0,Bare,exact_year,test,59_52,-1.0,True,,1.0
S131,61.221228,45.754821,2018.0,KAZ,3.0,Grassland,exact_year,test,59_52,-1.0,True,,1.0
S132,61.257944,45.815325,2018.0,KAZ,3.0,Grassland,exact_year,test,59_52,-1.0,True,,1.0
S133,61.267256,45.847397,2018.0,KAZ,3.0,Grassland,exact_year,test,59_52,-1.0,True,,1.0
S134,61.268779,45.945191,2018.0,KAZ,5.0,Bare,exact_year,test,59_52,-1.0,True,,1.0
S135,61.408545,45.958791,2018.0,KAZ,5.0,Bare,exact_year,test,59_52,-1.0,True,,1.0
S136,61.4392,45.934043,2018.0,KAZ,3.0,Grassland,exact_year,test,59_52,-1.0,True,,1.0
S137,61.640083,45.706991,2018.0,KAZ,1.0,Cropland,exact_year,test,59_52,-1.0,True,,1.0
S138,61.656511,45.706872,2018.0,KAZ,1.0,Cropland,exact_year,test,59_52,-1.0,True,,1.0
S139,61.690685,45.707922,2018.0,KAZ,1.0,Cropland,exact_year,test,59_52,-1.0,True,,1.0
S140,61.676922,45.7079,2018.0,KAZ,1.0,Cropland,exact_year,test,59_52,-1.0,True,,1.0
S141,61.688349,45.721505,2018.0,KAZ,1.0,Cropland,exact_year,test,59_52,-1.0,True,,1.0
S142,61.673972,45.732419,2018.0,KAZ,3.0,Grassland,exact_year,test,59_52,-1.0,True,,1.0
S143,61.655916,45.743866,2018.0,KAZ,1.0,Cropland,exact_year,test,59_52,-1.0,True,,1.0
S144,61.752188,45.545714,2018.0,KAZ,1.0,Cropland,exact_year,test,59_52,-1.0,True,,1.0
S145,61.739546,45.547237,2018.0,KAZ,1.0,Cropland,exact_year,test,59_52,-1.0,True,,1.0
S146,61.722643,45.548978,2018.0,KAZ,3.0,Grassland,exact_year,test,59_52,-1.0,True,,1.0
S147,61.767639,45.544403,2018.0,KAZ,5.0,Bare,exact_year,test,59_52,-1.0,True,,1.0
S148,61.757422,45.565676,2018.0,KAZ,1.0,Cropland,exact_year,test,59_52,-1.0,True,,1.0
S149,61.743173,45.565264,2018.0,KAZ,1.0,Cropland,exact_year,test,59_52,-1.0,True,,1.0
S150,61.734344,45.564374,2018.0,KAZ,1.0,Cropland,exact_year,test,59_52,-1.0,True,,1.0
S151,61.767153,45.577415,2018.0,KAZ,1.0,Cropland,exact_year,test,59_52,-1.0,True,,1.0
S152,61.906489,45.590993,2018.0,KAZ,5.0,Bare,exact_year,test,59_52,-1.0,True,,1.0
S153,61.901568,45.580822,2018.0,KAZ,3.0,Grassland,exact_year,test,59_52,-1.0,True,,1.0
S154,61.881119,45.564719,2018.0,KAZ,1.0,Cropland,exact_year,test,59_52,-1.0,True,,1.0
S155,61.874661,45.558671,2018.0,KAZ,1.0,Cropland,exact_year,test,59_52,-1.0,True,,1.0
S156,61.88651,45.558396,2018.0,KAZ,1.0,Cropland,exact_year,test,59_52,-1.0,True,,1.0
S157,61.904917,45.573746,2018.0,KAZ,1.0,Cropland,exact_year,test,59_52,-1.0,True,,1.0
S158,61.931555,45.587044,2018.0,KAZ,3.0,Grassland,exact_year,test,59_52,-1.0,True,,1.0
S159,61.943613,45.589958,2018.0,KAZ,3.0,Grassland,exact_year,test,59_52,-1.0,True,,1.0
S160,61.970334,45.590653,2018.0,KAZ,3.0,Grassland,exact_year,test,59_52,-1.0,True,,1.0
S161,61.998567,45.591335,2018.0,KAZ,3.0,Grassland,exact_year,test,59_52,-1.0,True,,1.0
S162,61.997365,45.608845,2018.0,KAZ,1.0,Cropland,exact_year,test,59_52,-1.0,True,,1.0
S163,61.991264,45.622195,2018.0,KAZ,1.0,Cropland,exact_year,test,59_52,-1.0,True,,1.0
S164,61.970112,45.624033,2018.0,KAZ,3.0,Grassland,exact_year,test,59_52,-1.0,True,,1.0
S165,61.965352,45.615422,2018.0,KAZ,5.0,Bare,exact_year,test,59_52,-1.0,True,,1.0
S166,61.952144,45.783989,2018.0,KAZ,3.0,Grassland,exact_year,test,59_52,-1.0,True,,1.0
S167,61.915414,45.8027,2018.0,KAZ,1.0,Cropland,exact_year,test,59_52,-1.0,True,,1.0
S168,61.88539,45.80086,2018.0,KAZ,3.0,Grassland,exact_year,test,59_52,-1.0,True,,1.0
S169,61.888777,45.811994,2018.0,KAZ,1.0,Cropland,exact_year,test,59_52,-1.0,True,,1.0
S170,61.912966,45.816287,2018.0,KAZ,3.0,Grassland,exact_year,test,59_52,-1.0,True,,1.0
S171,61.941241,45.816371,2018.0,KAZ,1.0,Cropland,exact_year,test,59_52,-1.0,True,,1.0
S172,61.935034,45.821269,2018.0,KAZ,3.0,Grassland,exact_year,test,59_52,-1.0,True,,1.0
S173,61.950064,45.830678,2018.0,KAZ,3.0,Grassland,exact_year,test,59_52,-1.0,True,,1.0
S174,62.012204,45.7856,2018.0,KAZ,3.0,Grassland,exact_year,test,59_52,-1.0,True,,1.0
S175,61.913151,45.781601,2018.0,KAZ,1.0,Cropland,exact_year,test,59_52,-1.0,True,,1.0
S176,61.913502,45.763782,2018.0,KAZ,1.0,Cropland,exact_year,test,59_52,-1.0,True,,1.0
S177,61.91128,45.751325,2018.0,KAZ,3.0,Grassland,exact_year,test,59_52,-1.0,True,,1.0
S178,61.911152,45.744255,2018.0,KAZ,3.0,Grassland,exact_year,test,59_52,-1.0,True,,1.0
S179,61.927409,45.869051,2018.0,KAZ,3.0,Grassland,exact_year,test,59_52,-1.0,True,,1.0
S180,61.913811,45.886368,2018.0,KAZ,1.0,Cropland,exact_year,test,59_52,-1.0,True,,1.0
S181,61.906084,45.882661,2018.0,KAZ,1.0,Cropland,exact_year,test,59_52,-1.0,True,,1.0
S182,61.90628,45.866769,2018.0,KAZ,3.0,Grassland,exact_year,test,59_52,-1.0,True,,1.0
S183,61.92433,45.857752,2018.0,KAZ,3.0,Grassland,exact_year,test,59_52,-1.0,True,,1.0
S184,61.922398,45.877203,2018.0,KAZ,3.0,Grassland,exact_year,test,59_52,-1.0,True,,1.0
S185,62.197652,45.782212,2018.0,KAZ,3.0,Grassland,exact_year,traindev,60_52,1.0,True,,1.0
S186,62.199578,45.793042,2018.0,KAZ,1.0,Cropland,exact_year,traindev,60_52,1.0,True,,1.0
S187,62.214335,45.786472,2018.0,KAZ,1.0,Cropland,exact_year,traindev,60_52,1.0,True,,1.0
S188,62.21717,45.801288,2018.0,KAZ,5.0,Bare,exact_year,traindev,60_52,1.0,True,,1.0
S189,62.22047,45.776913,2018.0,KAZ,3.0,Grassland,exact_year,traindev,60_52,1.0,True,,1.0
S190,62.174544,45.788225,2018.0,KAZ,3.0,Grassland,exact_year,test,59_52,-1.0,True,,1.0
S191,62.172134,45.771873,2018.0,KAZ,3.0,Grassland,exact_year,test,59_52,-1.0,True,,1.0
S192,62.153997,45.751265,2018.0,KAZ,1.0,Cropland,exact_year,test,59_52,-1.0,True,,1.0
S193,62.141001,45.74614,2018.0,KAZ,1.0,Cropland,exact_year,test,59_52,-1.0,True,,1.0
P1,66.963055,39.710277,2018.0,UZB,1.0,Cropland,exact_year,traindev,64_46,2.0,True,,1.0
P2,66.885555,39.782222,2018.0,UZB,1.0,Cropland,exact_year,traindev,64_46,2.0,True,,1.0
P3,66.7823361,39.8620116,2018.0,UZB,1.0,Cropland,exact_year,traindev,64_46,2.0,True,,1.0
P4,66.651666,39.915555,2018.0,UZB,7.0,Built,exact_year,traindev,64_46,2.0,True,,1.0
P5,66.2925,39.921111,2018.0,UZB,7.0,Built,exact_year,traindev,63_46,2.0,True,,1.0
P6,65.995,39.949444,2018.0,UZB,1.0,Cropland,exact_year,traindev,63_47,1.0,True,,1.0
P7,65.74,40.014722,2018.0,UZB,1.0,Cropland,exact_year,traindev,63_47,1.0,True,,1.0
P8,65.153333,40.124166,2018.0,UZB,5.0,Bare,exact_year,traindev,62_47,2.0,True,,1.0
P9,64.973611,40.0925,2018.0,UZB,3.0,Grassland,exact_year,traindev,62_47,2.0,True,,1.0
P11,65.002777,39.617777,2018.0,UZB,4.0,Shrubland,exact_year,test,62_46,-1.0,True,,1.0
P12,64.840555,39.493611,2018.0,UZB,5.0,Bare,exact_year,test,62_46,-1.0,True,,1.0
P13,64.889722,39.4675,2018.0,UZB,1.0,Cropland,exact_year,test,62_46,-1.0,True,,1.0
P14,64.921389,39.45,2018.0,UZB,1.0,Cropland,exact_year,test,62_46,-1.0,True,,1.0
P15,65.513055,39.092777,2018.0,UZB,1.0,Cropland,exact_year,traindev,63_46,2.0,True,,1.0
P16,65.659444,38.986666,2018.0,UZB,1.0,Cropland,exact_year,traindev,63_46,2.0,True,,1.0
P17,65.709722,38.947222,2018.0,UZB,3.0,Grassland,exact_year,traindev,63_46,2.0,True,,1.0
P18,65.985083,38.853055,2018.0,UZB,1.0,Cropland,exact_year,traindev,63_45,3.0,True,,1.0
P19,66.163139,38.832444,2018.0,UZB,1.0,Cropland,exact_year,traindev,63_45,3.0,True,,1.0
P20,66.295833,38.863888,2018.0,UZB,1.0,Cropland,exact_year,traindev,63_45,3.0,True,,1.0
P21,66.411389,38.9,2018.0,UZB,1.0,Cropland,exact_year,traindev,64_45,4.0,True,,1.0
P22,66.478611,38.919722,2018.0,UZB,1.0,Cropland,exact_year,traindev,64_46,2.0,True,,1.0
P23,66.514722,38.9275,2018.0,UZB,1.0,Cropland,exact_year,traindev,64_46,2.0,True,,1.0
P24,66.584444,38.935277,2018.0,UZB,1.0,Cropland,exact_year,traindev,64_46,2.0,True,,1.0
P25,66.638889,38.968333,2018.0,UZB,1.0,Cropland,exact_year,traindev,64_46,2.0,True,,1.0
P26,66.795555,39.0125,2018.0,UZB,1.0,Cropland,exact_year,traindev,64_46,2.0,True,,1.0
P27,66.82,39.113611,2018.0,UZB,1.0,Cropland,exact_year,traindev,64_46,2.0,True,,1.0
P28,66.888333,39.146944,2018.0,UZB,1.0,Cropland,exact_year,traindev,64_46,2.0,True,,1.0
P29,67.015833,39.512222,2018.0,UZB,1.0,Cropland,exact_year,traindev,64_46,2.0,True,,1.0
P30,67.009166,39.544444,2018.0,UZB,1.0,Cropland,exact_year,traindev,64_46,2.0,True,,1.0
P32,67.312777,39.6975,2018.0,UZB,1.0,Cropland,exact_year,traindev,64_46,2.0,True,,1.0
P33,67.878333,40.068333,2018.0,UZB,1.0,Cropland,exact_year,traindev,65_47,3.0,True,,1.0
P208,61.110177,46.075064,2018.0,KAZ,5.0,Bare,exact_year,traindev,58_52,1.0,True,,1.0
P209,61.110338,46.075073,2018.0,KAZ,5.0,Bare,exact_year,traindev,58_52,1.0,True,,1.0
P210,61.217261,46.126219,2018.0,KAZ,5.0,Bare,exact_year,test,59_52,-1.0,True,,1.0
P211,61.217496,46.12624,2018.0,KAZ,5.0,Bare,exact_year,test,59_52,-1.0,True,,1.0
P212,61.318549,46.14812,2018.0,KAZ,3.0,Grassland,exact_year,test,59_52,-1.0,True,,1.0
P213,61.318569,46.147954,2018.0,KAZ,3.0,Grassland,exact_year,test,59_52,-1.0,True,,1.0
P214,61.445772,46.138357,2018.0,KAZ,3.0,Grassland,exact_year,test,59_52,-1.0,True,,1.0
P215,61.44579,46.138218,2018.0,KAZ,3.0,Grassland,exact_year,test,59_52,-1.0,True,,1.0
P216,61.565543,46.127243,2018.0,KAZ,5.0,Bare,exact_year,test,59_52,-1.0,True,,1.0
P217,61.565794,46.127342,2018.0,KAZ,5.0,Bare,exact_year,test,59_52,-1.0,True,,1.0
P218,61.670128,46.141887,2018.0,KAZ,3.0,Grassland,exact_year,test,59_52,-1.0,True,,1.0
P219,61.670145,46.141738,2018.0,KAZ,3.0,Grassland,exact_year,test,59_52,-1.0,True,,1.0
P220,61.799332,46.122731,2018.0,KAZ,3.0,Grassland,exact_year,test,59_52,-1.0,True,,1.0
P221,61.79938,46.122579,2018.0,KAZ,3.0,Grassland,exact_year,test,59_52,-1.0,True,,1.0
P222,61.902041,46.163787,2018.0,KAZ,5.0,Bare,exact_year,test,59_52,-1.0,True,,1.0
P223,61.909045,46.168314,2018.0,KAZ,5.0,Bare,exact_year,test,59_52,-1.0,True,,1.0
P224,62.000259,46.210919,2018.0,KAZ,3.0,Grassland,exact_year,test,59_52,-1.0,True,,1.0
P225,62.000486,46.210839,2018.0,KAZ,3.0,Grassland,exact_year,test,59_52,-1.0,True,,1.0
P226,62.07677,46.158712,2018.0,KAZ,5.0,Bare,exact_year,test,59_52,-1.0,True,,1.0
P227,62.076531,46.158629,2018.0,KAZ,5.0,Bare,exact_year,test,59_52,-1.0,True,,1.0
P228,64.101243,45.270019,2018.0,KAZ,3.0,Grassland,exact_year,traindev,61_52,4.0,True,,1.0
P229,64.155123,45.190225,2018.0,KAZ,1.0,Cropland,exact_year,traindev,61_51,4.0,True,,1.0
P230,64.155087,45.190057,2018.0,KAZ,1.0,Cropland,exact_year,traindev,61_51,4.0,True,,1.0
P231,64.220242,45.105998,2018.0,KAZ,1.0,Cropland,exact_year,traindev,61_51,4.0,True,,1.0
P232,64.220219,45.105931,2018.0,KAZ,1.0,Cropland,exact_year,traindev,61_51,4.0,True,,1.0
P233,64.345623,45.0563,2018.0,KAZ,4.0,Shrubland,exact_year,traindev,62_51,0.0,True,,1.0
P234,64.433656,45.028018,2018.0,KAZ,4.0,Shrubland,exact_year,traindev,62_51,0.0,True,,1.0
P235,64.43363,45.028218,2018.0,KAZ,4.0,Shrubland,exact_year,traindev,62_51,0.0,True,,1.0
P236,64.538722,44.984105,2018.0,KAZ,1.0,Cropland,exact_year,traindev,62_51,0.0,True,,1.0
P237,64.538783,44.983821,2018.0,KAZ,1.0,Cropland,exact_year,traindev,62_51,0.0,True,,1.0
P238,64.645113,44.938117,2018.0,KAZ,5.0,Bare,exact_year,traindev,62_51,0.0,True,,1.0
P239,64.645299,44.937967,2018.0,KAZ,5.0,Bare,exact_year,traindev,62_51,0.0,True,,1.0
P240,64.761694,44.887388,2018.0,KAZ,1.0,Cropland,exact_year,traindev,62_51,0.0,True,,1.0
P241,64.761655,44.887613,2018.0,KAZ,1.0,Cropland,exact_year,traindev,62_51,0.0,True,,1.0
P242,64.858984,44.853734,2018.0,KAZ,4.0,Shrubland,exact_year,traindev,62_51,0.0,True,,1.0
P243,64.859112,44.853939,2018.0,KAZ,4.0,Shrubland,exact_year,traindev,62_51,0.0,True,,1.0
P244,64.93215,44.909944,2018.0,KAZ,1.0,Cropland,exact_year,traindev,62_51,0.0,True,,1.0
P245,64.931801,44.909967,2018.0,KAZ,1.0,Cropland,exact_year,traindev,62_51,0.0,True,,1.0
P246,65.019266,44.893631,2018.0,KAZ,1.0,Cropland,exact_year,traindev,62_51,0.0,True,,1.0
P247,65.019267,44.893451,2018.0,KAZ,1.0,Cropland,exact_year,traindev,62_51,0.0,True,,1.0
P248,65.227665,44.878007,2018.0,KAZ,3.0,Grassland,exact_year,traindev,62_51,0.0,True,,1.0
P249,65.227524,44.877892,2018.0,KAZ,3.0,Grassland,exact_year,traindev,62_51,0.0,True,,1.0
P250,65.337075,44.881473,2018.0,KAZ,1.0,Cropland,exact_year,traindev,63_51,2.0,True,,1.0
P251,65.336776,44.881369,2018.0,KAZ,1.0,Cropland,exact_year,traindev,63_51,2.0,True,,1.0
P252,65.123866,44.875211,2018.0,KAZ,1.0,Cropland,exact_year,traindev,62_51,0.0,True,,1.0
P253,65.123475,44.875109,2018.0,KAZ,1.0,Cropland,exact_year,traindev,62_51,0.0,True,,1.0
P254,65.125773,44.869831,2018.0,KAZ,3.0,Grassland,exact_year,traindev,62_51,0.0,True,,1.0
P255,65.125908,44.869959,2018.0,KAZ,3.0,Grassland,exact_year,traindev,62_51,0.0,True,,1.0
P256,65.119079,44.856336,2018.0,KAZ,1.0,Cropland,exact_year,traindev,62_51,0.0,True,,1.0
P257,65.119219,44.856115,2018.0,KAZ,1.0,Cropland,exact_year,traindev,62_51,0.0,True,,1.0
P258,65.116666,44.841945,2018.0,KAZ,4.0,Shrubland,exact_year,traindev,62_51,0.0,True,,1.0
P259,65.116772,44.84221,2018.0,KAZ,4.0,Shrubland,exact_year,traindev,62_51,0.0,True,,1.0
P260,65.144451,44.81916,2018.0,KAZ,3.0,Grassland,exact_year,traindev,62_51,0.0,True,,1.0
P261,65.144337,44.819531,2018.0,KAZ,3.0,Grassland,exact_year,traindev,62_51,0.0,True,,1.0
P262,64.972546,44.944487,2018.0,KAZ,1.0,Cropland,exact_year,traindev,62_51,0.0,True,,1.0
P263,64.972378,44.944365,2018.0,KAZ,1.0,Cropland,exact_year,traindev,62_51,0.0,True,,1.0
P264,64.953015,44.946015,2018.0,KAZ,1.0,Cropland,exact_year,traindev,62_51,0.0,True,,1.0
P265,64.952908,44.946078,2018.0,KAZ,1.0,Cropland,exact_year,traindev,62_51,0.0,True,,1.0
P266,64.913561,44.946758,2018.0,KAZ,3.0,Grassland,exact_year,traindev,62_51,0.0,True,,1.0
P267,64.913589,44.946575,2018.0,KAZ,3.0,Grassland,exact_year,traindev,62_51,0.0,True,,1.0
P268,64.769719,45.114563,2018.0,KAZ,1.0,Cropland,exact_year,traindev,62_51,0.0,True,,1.0
P269,64.769836,45.114757,2018.0,KAZ,1.0,Cropland,exact_year,traindev,62_51,0.0,True,,1.0
P270,64.73902,45.111553,2018.0,KAZ,1.0,Cropland,exact_year,traindev,62_51,0.0,True,,1.0
P271,64.738973,45.111812,2018.0,KAZ,1.0,Cropland,exact_year,traindev,62_51,0.0,True,,1.0
P272,64.728014,45.110487,2018.0,KAZ,3.0,Grassland,exact_year,traindev,62_51,0.0,True,,1.0
P273,64.728189,45.110245,2018.0,KAZ,3.0,Grassland,exact_year,traindev,62_51,0.0,True,,1.0
P274,64.705926,45.099436,2018.0,KAZ,1.0,Cropland,exact_year,traindev,62_51,0.0,True,,1.0
P275,64.706079,45.099565,2018.0,KAZ,1.0,Cropland,exact_year,traindev,62_51,0.0,True,,1.0
P276,64.706175,45.122468,2018.0,KAZ,1.0,Cropland,exact_year,traindev,62_51,0.0,True,,1.0
P277,64.706411,45.122316,2018.0,KAZ,1.0,Cropland,exact_year,traindev,62_51,0.0,True,,1.0
P278,64.64519,45.090194,2018.0,KAZ,1.0,Cropland,exact_year,traindev,62_51,0.0,True,,1.0
P279,64.645372,45.090045,2018.0,KAZ,1.0,Cropland,exact_year,traindev,62_51,0.0,True,,1.0
P280,64.623098,45.105691,2018.0,KAZ,1.0,Cropland,exact_year,traindev,62_51,0.0,True,,1.0
P281,64.623117,45.1059,2018.0,KAZ,1.0,Cropland,exact_year,traindev,62_51,0.0,True,,1.0
P282,64.607366,45.126544,2018.0,KAZ,1.0,Cropland,exact_year,traindev,62_51,0.0,True,,1.0
P283,64.607386,45.12645,2018.0,KAZ,1.0,Cropland,exact_year,traindev,62_51,0.0,True,,1.0
P284,64.654366,45.070351,2018.0,KAZ,3.0,Grassland,exact_year,traindev,62_51,0.0,True,,1.0
P285,64.654434,45.070479,2018.0,KAZ,3.0,Grassland,exact_year,traindev,62_51,0.0,True,,1.0
P286,64.594808,45.085803,2018.0,KAZ,1.0,Cropland,exact_year,traindev,62_51,0.0,True,,1.0
P287,64.594914,45.086003,2018.0,KAZ,1.0,Cropland,exact_year,traindev,62_51,0.0,True,,1.0
P288,64.561726,45.096076,2018.0,KAZ,1.0,Cropland,exact_year,traindev,62_51,0.0,True,,1.0
P289,64.561473,45.096274,2018.0,KAZ,1.0,Cropland,exact_year,traindev,62_51,0.0,True,,1.0
P290,64.521524,45.113369,2018.0,KAZ,1.0,Cropland,exact_year,traindev,62_51,0.0,True,,1.0
P291,64.521797,45.113248,2018.0,KAZ,1.0,Cropland,exact_year,traindev,62_51,0.0,True,,1.0
P292,64.46207,45.185954,2018.0,KAZ,3.0,Grassland,exact_year,traindev,62_51,0.0,True,,1.0
P293,64.461839,45.185999,2018.0,KAZ,3.0,Grassland,exact_year,traindev,62_51,0.0,True,,1.0
P294,64.375694,45.2477,2018.0,KAZ,3.0,Grassland,exact_year,test,62_52,-1.0,True,,1.0
P295,64.3755,45.247632,2018.0,KAZ,3.0,Grassland,exact_year,test,62_52,-1.0,True,,1.0
P296,64.290203,45.312816,2018.0,KAZ,3.0,Grassland,exact_year,test,62_52,-1.0,True,,1.0
P297,64.290173,45.312977,2018.0,KAZ,3.0,Grassland,exact_year,test,62_52,-1.0,True,,1.0
P298,64.27734,45.391678,2018.0,KAZ,3.0,Grassland,exact_year,test,62_52,-1.0,True,,1.0
P299,64.27769,45.391663,2018.0,KAZ,3.0,Grassland,exact_year,test,62_52,-1.0,True,,1.0
P300,64.923901,45.067535,2018.0,KAZ,4.0,Shrubland,exact_year,traindev,62_51,0.0,True,,1.0
P301,64.924068,45.067512,2018.0,KAZ,4.0,Shrubland,exact_year,traindev,62_51,0.0,True,,1.0
P302,65.027091,45.041732,2018.0,KAZ,4.0,Shrubland,exact_year,traindev,62_51,0.0,True,,1.0
P303,65.02726,45.041618,2018.0,KAZ,4.0,Shrubland,exact_year,traindev,62_51,0.0,True,,1.0
P304,65.143072,45.028122,2018.0,KAZ,3.0,Grassland,exact_year,traindev,62_51,0.0,True,,1.0
P305,65.14309,45.028059,2018.0,KAZ,3.0,Grassland,exact_year,traindev,62_51,0.0,True,,1.0
P306,65.259825,44.987592,2018.0,KAZ,4.0,Shrubland,exact_year,traindev,62_51,0.0,True,,1.0
P307,65.259574,44.987853,2018.0,KAZ,4.0,Shrubland,exact_year,traindev,62_51,0.0,True,,1.0
P308,65.353193,44.964635,2018.0,KAZ,4.0,Shrubland,exact_year,traindev,63_51,2.0,True,,1.0
P309,65.353245,44.964535,2018.0,KAZ,4.0,Shrubland,exact_year,traindev,63_51,2.0,True,,1.0
P310,65.705645,44.801711,2018.0,KAZ,4.0,Shrubland,exact_year,traindev,63_51,2.0,True,,1.0
P311,65.805388,44.750542,2018.0,KAZ,4.0,Shrubland,exact_year,traindev,63_51,2.0,True,,1.0
P312,66.02455,44.654625,2018.0,KAZ,4.0,Shrubland,exact_year,traindev,63_51,2.0,True,,1.0
P313,66.176381,44.529026,2018.0,KAZ,3.0,Grassland,exact_year,traindev,63_51,2.0,True,,1.0
P314,66.346251,44.395029,2018.0,KAZ,3.0,Grassland,exact_year,traindev,64_51,4.0,True,,1.0
P315,66.539142,44.291257,2018.0,KAZ,3.0,Grassland,exact_year,traindev,64_51,4.0,True,,1.0
P316,66.75701,44.206374,2018.0,KAZ,3.0,Grassland,exact_year,traindev,64_51,4.0,True,,1.0
P317,66.984973,44.127637,2018.0,KAZ,3.0,Grassland,exact_year,traindev,64_51,4.0,True,,1.0
P318,67.171953,44.0408,2018.0,KAZ,3.0,Grassland,exact_year,traindev,64_50,4.0,True,,1.0
P319,67.340257,43.914051,2018.0,UZB,3.0,Grassland,exact_year,traindev,64_50,4.0,True,,1.0
P320,67.49057,43.771562,2018.0,UZB,3.0,Grassland,exact_year,traindev,65_50,2.0,True,,1.0
P321,67.650469,43.623831,2018.0,UZB,3.0,Grassland,exact_year,traindev,65_50,2.0,True,,1.0
P322,67.827528,43.508798,2018.0,UZB,1.0,Cropland,exact_year,traindev,65_50,2.0,True,,1.0
P323,68.09771,43.375532,2018.0,UZB,1.0,Cropland,exact_year,traindev,65_50,2.0,True,,1.0
P324,68.342481,43.27199,2018.0,UZB,1.0,Cropland,exact_year,traindev,65_50,2.0,True,,1.0
P325,68.413095,43.241791,2018.0,UZB,1.0,Cropland,exact_year,test,66_50,-1.0,True,,1.0
P326,68.573101,43.146651,2018.0,UZB,1.0,Cropland,exact_year,test,66_50,-1.0,True,,1.0
P327,68.667224,43.068724,2018.0,UZB,1.0,Cropland,exact_year,test,66_50,-1.0,True,,1.0
P328,68.772626,43.005822,2018.0,UZB,1.0,Cropland,exact_year,test,66_49,-1.0,True,,1.0
P329,68.87049,42.969411,2018.0,UZB,1.0,Cropland,exact_year,test,66_49,-1.0,True,,1.0
P330,68.928982,42.933507,2018.0,UZB,1.0,Cropland,exact_year,test,66_49,-1.0,True,,1.0
P331,69.028506,42.880529,2018.0,UZB,3.0,Grassland,exact_year,test,66_49,-1.0,True,,1.0
P332,69.113778,42.836381,2018.0,UZB,5.0,Bare,exact_year,test,66_49,-1.0,True,,1.0
P333,69.206512,42.762465,2018.0,UZB,5.0,Bare,exact_year,test,66_49,-1.0,True,,1.0
P334,69.219212,42.677147,2018.0,UZB,1.0,Cropland,exact_year,test,66_49,-1.0,True,,1.0
P335,69.301736,42.62012,2018.0,UZB,5.0,Bare,exact_year,test,66_49,-1.0,True,,1.0
P336,69.337789,42.531662,2018.0,UZB,1.0,Cropland,exact_year,test,66_49,-1.0,True,,1.0
P337,69.463118,42.388963,2018.0,UZB,1.0,Cropland,exact_year,traindev,67_49,1.0,True,,1.0
G01,76.979166,43.050555,2014.0,KAZ,3.0,Grassland,historical,traindev,74_50,2.0,True,,0.0
G02,76.985277,43.073055,2014.0,KAZ,3.0,Grassland,historical,traindev,74_50,2.0,True,,0.0
G03,76.943611,43.101388,2014.0,KAZ,3.0,Grassland,historical,traindev,74_50,2.0,True,,0.0639153221093308
G04,76.906111,43.131388,2014.0,KAZ,2.0,Forest,historical,traindev,74_50,2.0,True,,0.0
G05,76.980555,43.411111,2014.0,KAZ,1.0,Cropland,historical,traindev,74_50,2.0,True,,0.8539668635537822
G06,77.025277,43.649444,2014.0,KAZ,3.0,Grassland,historical,traindev,74_50,2.0,True,,0.2223320934379013
G07,77.0325,43.803888,2014.0,KAZ,3.0,Grassland,historical,traindev,74_50,2.0,True,,0.0
G08,77.128888,43.959444,2014.0,KAZ,3.0,Grassland,historical,traindev,74_50,2.0,True,,0.0
G09,77.043055,44.163055,2014.0,KAZ,3.0,Grassland,historical,traindev,74_51,4.0,True,,0.0
G10,76.829722,44.384722,2014.0,KAZ,3.0,Grassland,historical,traindev,74_51,4.0,True,,0.0
G11,76.659166,44.5975,2014.0,KAZ,5.0,Bare,historical,traindev,73_51,1.0,True,,0.8281729950467235
G12,76.363611,44.773333,2014.0,KAZ,4.0,Shrubland,historical,traindev,73_51,1.0,True,,0.0
G13,76.033055,44.905555,2014.0,KAZ,5.0,Bare,historical,traindev,73_51,1.0,True,,0.9074201608859876
G14,75.667222,45.034444,2014.0,KAZ,5.0,Bare,historical,traindev,73_51,1.0,True,,0.9242566683663364
G15,75.424166,45.234444,2014.0,KAZ,5.0,Bare,historical,traindev,72_52,4.0,True,,0.8589392676418313
G16,75.2525,45.436388,2014.0,KAZ,5.0,Bare,historical,traindev,72_52,4.0,True,,0.9018456132342628
G17,75.076944,45.651388,2014.0,KAZ,5.0,Bare,historical,traindev,72_52,4.0,True,,0.9494981611093886
G18,74.837777,45.818611,2014.0,KAZ,5.0,Bare,historical,traindev,72_52,4.0,True,,0.9436115457486012
H01,80.837499,46.2375,2014.0,KAZ,3.0,Grassland,historical,traindev,77_52,4.0,True,,0.7668902805847543
H02,80.691111,46.402777,2014.0,KAZ,3.0,Grassland,historical,traindev,77_53,3.0,True,,0.0
H03,80.563055,46.631111,2014.0,KAZ,5.0,Bare,historical,traindev,77_53,3.0,True,,0.0
H04,80.572222,46.882777,2014.0,KAZ,3.0,Grassland,historical,traindev,77_53,3.0,True,,0.7087358295780366
H05,80.696388,47.179722,2014.0,KAZ,3.0,Grassland,historical,traindev,77_53,3.0,True,,0.5569308727257776
H06,80.603888,47.436944,2014.0,KAZ,3.0,Grassland,historical,traindev,77_53,3.0,True,,0.0750930249190997
H07,80.669444,47.677222,2014.0,KAZ,3.0,Grassland,historical,traindev,77_54,4.0,True,,0.9019911464103452
H08,80.451666,47.889166,2014.0,KAZ,3.0,Grassland,historical,traindev,77_54,4.0,True,,0.0882851481247878
H09,80.460277,48.151111,2014.0,KAZ,3.0,Grassland,historical,traindev,77_54,4.0,True,,0.7853174113837255
H10,80.431666,48.313888,2014.0,KAZ,3.0,Grassland,historical,traindev,77_54,4.0,True,,0.1227741345898545
H11,80.594444,48.485277,2014.0,KAZ,3.0,Grassland,historical,traindev,77_54,4.0,True,,0.1132772091069738
H12,80.773611,48.651388,2014.0,KAZ,3.0,Grassland,historical,traindev,77_55,1.0,True,,0.4942813763364585
H13,80.915277,48.9525,2014.0,KAZ,3.0,Grassland,historical,traindev,78_55,3.0,True,,0.4616370281117699
H14,81.117777,49.136388,2014.0,KAZ,3.0,Grassland,historical,traindev,78_55,3.0,True,,0.5993311804510308
H15,81.402777,49.294444,2014.0,KAZ,3.0,Grassland,historical,traindev,78_55,3.0,True,,0.6025856099875778
H16,81.691389,49.376388,2014.0,KAZ,3.0,Grassland,historical,traindev,78_55,3.0,True,,0.1699935384074258
H17,81.8475,49.547222,2014.0,KAZ,3.0,Grassland,historical,traindev,78_55,3.0,True,,0.0
H18,81.999444,49.692222,2014.0,KAZ,3.0,Grassland,historical,traindev,79_55,2.0,True,,0.0
H19,82.197222,49.771388,2014.0,KAZ,3.0,Grassland,historical,traindev,79_55,2.0,True,,0.7162585385832371
H20,82.539999,49.903611,2014.0,KAZ,3.0,Grassland,historical,traindev,79_56,4.0,True,,0.6203776082883644
H21,82.760555,50.019722,2014.0,KAZ,3.0,Grassland,historical,traindev,79_56,4.0,True,,0.0
H22,82.835277,50.332222,2014.0,KAZ,3.0,Grassland,historical,traindev,79_56,4.0,True,,0.0
H23,83.165833,50.272222,2014.0,KAZ,2.0,Forest,historical,traindev,80_56,3.0,True,,0.3911314346832341
H24,83.449722,50.325,2014.0,KAZ,7.0,Built,historical,traindev,80_56,3.0,True,,0.0
H25,83.785277,50.346388,2014.0,KAZ,2.0,Forest,historical,traindev,80_56,3.0,True,,0.0
I01,69.346944,55.340277,2014.0,KAZ,3.0,Grassland,historical,traindev,66_60,1.0,True,,0.0
I02,69.173889,55.125833,2014.0,KAZ,3.0,Grassland,historical,traindev,66_60,1.0,True,,0.0
I03,69.055555,54.909444,2014.0,KAZ,1.0,Cropland,historical,traindev,66_59,2.0,True,,0.9593066946168444
I04,69.107777,54.747222,2014.0,KAZ,2.0,Forest,historical,traindev,66_59,2.0,True,,0.1600805358591104
I05,69.183888,54.565277,2014.0,KAZ,4.0,Shrubland,historical,traindev,66_59,2.0,True,,0.0
I06,69.180277,54.382777,2014.0,KAZ,1.0,Cropland,historical,traindev,66_59,2.0,True,,0.7646301448405097
I07,69.155833,54.206944,2014.0,KAZ,1.0,Cropland,historical,traindev,66_59,2.0,True,,0.5
I08,69.165277,54.019166,2014.0,KAZ,3.0,Grassland,historical,traindev,66_59,2.0,True,,0.0
I09,69.303611,53.856388,2014.0,KAZ,3.0,Grassland,historical,traindev,66_59,2.0,True,,0.0
I10,69.438889,53.662222,2014.0,KAZ,1.0,Cropland,historical,traindev,66_59,2.0,True,,0.5232282033778164
I11,69.388889,53.452777,2014.0,KAZ,1.0,Cropland,historical,traindev,66_58,4.0,True,,0.916292844806468
I12,69.341944,53.278055,2014.0,KAZ,3.0,Grassland,historical,traindev,66_58,4.0,True,,0.8974965931094417
I13,69.614722,53.220277,2014.0,KAZ,1.0,Cropland,historical,traindev,67_58,3.0,True,,0.7776027956882698
I14,69.891111,53.104444,2014.0,KAZ,3.0,Grassland,historical,traindev,67_58,3.0,True,,0.0
I15,70.071388,53.024166,2014.0,KAZ,1.0,Cropland,historical,traindev,67_58,3.0,True,,0.8945385749790711
I16,70.161666,52.906944,2014.0,KAZ,3.0,Grassland,historical,traindev,67_58,3.0,True,,0.0
I17,70.266388,52.707777,2014.0,KAZ,1.0,Cropland,historical,traindev,67_58,3.0,True,,0.647563747774883
I18,70.540277,52.6075,2014.0,KAZ,3.0,Grassland,historical,traindev,68_58,3.0,True,,0.0
I19,70.643611,52.472222,2014.0,KAZ,2.0,Forest,historical,traindev,68_58,3.0,True,,0.4329192830606204
I20,70.786389,52.323888,2014.0,KAZ,3.0,Grassland,historical,traindev,68_58,3.0,True,,0.2765803223036006
I21,70.941944,52.195555,2014.0,KAZ,3.0,Grassland,historical,traindev,68_57,4.0,True,,0.0
I22,70.990555,52.076111,2014.0,KAZ,3.0,Grassland,historical,traindev,68_57,4.0,True,,0.0
I23,70.983611,51.875833,2014.0,KAZ,1.0,Cropland,historical,traindev,68_57,4.0,True,,0.5
I24,71.035277,51.741944,2014.0,KAZ,3.0,Grassland,historical,traindev,68_57,4.0,True,,0.0
I25,71.090277,51.591944,2014.0,KAZ,3.0,Grassland,historical,traindev,68_57,4.0,True,,0.0
I26,71.233055,51.471111,2014.0,KAZ,3.0,Grassland,historical,traindev,68_57,4.0,True,,0.0
I27,71.358333,51.287222,2014.0,KAZ,3.0,Grassland,historical,traindev,68_57,4.0,True,,0.0
I28,71.6525,51.117777,2014.0,KAZ,4.0,Shrubland,historical,traindev,69_57,2.0,True,,0.0
I29,71.867222,51.015277,2014.0,KAZ,3.0,Grassland,historical,traindev,69_56,2.0,True,,0.0
I30,72.039999,50.903333,2014.0,KAZ,2.0,Forest,historical,traindev,69_56,2.0,True,,0.0
I31,72.303611,50.734722,2014.0,KAZ,1.0,Cropland,historical,traindev,69_56,2.0,True,,0.5
I32,72.520277,50.584444,2014.0,KAZ,3.0,Grassland,historical,traindev,69_56,2.0,True,,0.0
I33,72.681388,50.438888,2014.0,KAZ,3.0,Grassland,historical,traindev,70_56,1.0,True,,0.0247443165215505
I34,72.815,50.260555,2014.0,KAZ,1.0,Cropland,historical,traindev,70_56,1.0,True,,0.2417756057364387
I35,72.856944,50.114444,2014.0,KAZ,3.0,Grassland,historical,traindev,70_56,1.0,True,,0.3736775262136809
I36,73.028333,49.963055,2014.0,KAZ,3.0,Grassland,historical,traindev,70_56,1.0,True,,0.0
I37,73.051111,49.843055,2014.0,KAZ,5.0,Bare,historical,traindev,70_56,1.0,True,,0.0
I38,73.1825,49.715277,2014.0,KAZ,3.0,Grassland,historical,traindev,70_55,2.0,True,,0.0
I39,73.26,49.556944,2014.0,KAZ,3.0,Grassland,historical,traindev,70_55,2.0,True,,0.622332539486706
I40,73.403889,49.366666,2014.0,KAZ,3.0,Grassland,historical,traindev,70_55,2.0,True,,0.0
I41,73.438889,49.193333,2014.0,KAZ,3.0,Grassland,historical,traindev,70_55,2.0,True,,0.5174643828988275
I42,73.553333,48.997777,2014.0,KAZ,3.0,Grassland,historical,traindev,70_55,2.0,True,,0.5699129224496595
I43,73.665555,48.875277,2014.0,KAZ,3.0,Grassland,historical,traindev,71_55,3.0,True,,0.0
I44,73.711111,48.669444,2014.0,KAZ,3.0,Grassland,historical,traindev,71_55,3.0,True,,0.6271368910808681
I45,73.721111,48.498888,2014.0,KAZ,3.0,Grassland,historical,traindev,71_54,1.0,True,,0.1379783430388733
I46,73.798611,48.313611,2014.0,KAZ,3.0,Grassland,historical,traindev,71_54,1.0,True,,0.5279571959090632
I47,73.803333,48.155555,2014.0,KAZ,4.0,Shrubland,historical,traindev,71_54,1.0,True,,0.708475055612433
I48,74.004444,47.962222,2014.0,KAZ,3.0,Grassland,historical,traindev,71_54,1.0,True,,0.6510929127158241
I49,74.148611,47.8225,2014.0,KAZ,3.0,Grassland,historical,traindev,71_54,1.0,True,,0.960158408175244
I50,74.2875,47.703888,2014.0,KAZ,3.0,Grassland,historical,traindev,71_54,1.0,True,,0.0
I51,74.486666,47.546944,2014.0,KAZ,3.0,Grassland,historical,traindev,71_54,1.0,True,,0.0
I52,74.684166,47.383611,2014.0,KAZ,5.0,Bare,historical,traindev,72_53,2.0,True,,0.1736153794210785
I53,74.772222,47.2475,2014.0,KAZ,5.0,Bare,historical,traindev,72_53,2.0,True,,0.7974773090616163
I54,74.891944,47.056666,2014.0,KAZ,3.0,Grassland,historical,traindev,72_53,2.0,True,,0.0
I55,74.935555,46.888611,2014.0,KAZ,7.0,Built,historical,traindev,72_53,2.0,True,,0.0
D01,70.381111,42.167777,2014.0,KAZ,2.0,Forest,historical,traindev,67_49,1.0,True,,0.384366642982182
D02,70.305277,42.206388,2014.0,KAZ,3.0,Grassland,historical,traindev,67_49,1.0,True,,0.6559286341079766
D03,70.232222,42.160277,2014.0,KAZ,3.0,Grassland,historical,traindev,67_49,1.0,True,,0.178695011957976
D04,70.102777,42.246111,2014.0,KAZ,5.0,Bare,historical,traindev,67_49,1.0,True,,0.9463456077394184
D05,69.960555,42.271111,2014.0,KAZ,1.0,Cropland,historical,traindev,67_49,1.0,True,,0.9789820284587784
D06,69.804444,42.281944,2014.0,KAZ,1.0,Cropland,historical,traindev,67_49,1.0,True,,0.8316291350719527
D07,69.737222,42.317777,2014.0,KAZ,1.0,Cropland,historical,traindev,67_49,1.0,True,,0.754131502370905
D08,69.455833,42.403888,2014.0,KAZ,3.0,Grassland,historical,traindev,67_49,1.0,True,,0.0
D09,69.233611,42.393888,2014.0,KAZ,1.0,Cropland,historical,test,66_49,-1.0,True,,0.5
D10,69.131388,42.518055,2014.0,KAZ,5.0,Bare,historical,test,66_49,-1.0,True,,0.3390082351364346
D11,68.953889,42.466944,2014.0,KAZ,3.0,Grassland,historical,test,66_49,-1.0,True,,0.0
D12,68.908611,42.451944,2014.0,KAZ,1.0,Cropland,historical,test,66_49,-1.0,True,,0.9644237092543444
D13,68.83,42.525277,2014.0,KAZ,5.0,Bare,historical,test,66_49,-1.0,True,,0.0
D14,68.582222,42.629722,2014.0,KAZ,5.0,Bare,historical,test,66_49,-1.0,True,,0.4996711131382547
D15,68.471389,42.685555,2014.0,KAZ,5.0,Bare,historical,test,66_49,-1.0,True,,0.0
D16,68.437222,42.783333,2014.0,KAZ,5.0,Bare,historical,test,66_49,-1.0,True,,0.509424383380062
E01,62.693611,45.815555,2014.0,KAZ,5.0,Bare,historical,traindev,60_52,1.0,True,,0.9318868813527909
E02,62.458055,45.858888,2014.0,KAZ,5.0,Bare,historical,traindev,60_52,1.0,True,,0.7472309965457161
E03,62.248888,45.850277,2014.0,KAZ,5.0,Bare,historical,traindev,60_52,1.0,True,,0.6607338938747431
E04,62.129444,45.989444,2014.0,KAZ,5.0,Bare,historical,test,59_52,-1.0,True,,0.9396452229007874
E05,62.084444,46.162777,2014.0,KAZ,5.0,Bare,historical,test,59_52,-1.0,True,,0.0
E06,61.91,46.164444,2014.0,KAZ,5.0,Bare,historical,test,59_52,-1.0,True,,0.6228284469861574
E07,61.846944,46.133888,2014.0,KAZ,5.0,Bare,historical,test,59_52,-1.0,True,,0.6989732349408688
E08,61.700277,46.135,2014.0,KAZ,5.0,Bare,historical,test,59_52,-1.0,True,,0.9491265490720124
E09,61.617222,46.159166,2014.0,KAZ,5.0,Bare,historical,test,59_52,-1.0,True,,0.9410950954212548
E10,61.491944,46.133888,2014.0,KAZ,5.0,Bare,historical,test,59_52,-1.0,True,,0.5238774727741152
E11,61.381388,46.143888,2014.0,KAZ,5.0,Bare,historical,test,59_52,-1.0,True,,0.2804783908967579
E12,61.256666,46.151388,2014.0,KAZ,6.0,Water,historical,test,59_52,-1.0,True,,0.0
E13,61.164722,46.099722,2014.0,KAZ,5.0,Bare,historical,test,59_52,-1.0,True,,0.9726523218900752
E14,61.103333,46.064722,2014.0,KAZ,5.0,Bare,historical,traindev,58_52,1.0,True,,0.7071020507934687
E15,61.053055,46.023888,2014.0,KAZ,6.0,Water,historical,traindev,58_52,1.0,True,,0.0
E16,61.045833,45.996388,2014.0,KAZ,5.0,Bare,historical,traindev,58_52,1.0,True,,0.7050901584465274
F01,51.767222,47.366944,2014.0,KAZ,1.0,Cropland,historical,traindev,49_53,2.0,True,,0.5263671850678837
F02,51.595277,47.5925,2014.0,KAZ,5.0,Bare,historical,traindev,49_54,3.0,True,,0.3644830243404131
F03,51.574444,47.851111,2014.0,KAZ,5.0,Bare,historical,traindev,49_54,3.0,True,,0.8048706143784489
F04,51.526388,48.1,2014.0,KAZ,5.0,Bare,historical,traindev,49_54,3.0,True,,0.5150424776651037
F05,51.866666,47.195555,2014.0,KAZ,5.0,Bare,historical,traindev,50_53,1.0,True,,0.6488838886015557
F06,51.529166,48.410833,2014.0,KAZ,5.0,Bare,historical,traindev,49_54,3.0,True,,0.7470472218803796
F07,51.634444,48.590555,2014.0,KAZ,3.0,Grassland,historical,traindev,49_54,3.0,True,,0.0
F08,51.7775,48.810277,2014.0,KAZ,3.0,Grassland,historical,traindev,49_55,4.0,True,,0.677016164711525
F09,51.799166,49.061388,2014.0,KAZ,3.0,Grassland,historical,traindev,49_55,4.0,True,,0.1758565873468316
F10,51.808888,49.297777,2014.0,KAZ,3.0,Grassland,historical,traindev,49_55,4.0,True,,0.3363312900174857
F11,51.593055,49.425555,2014.0,KAZ,3.0,Grassland,historical,traindev,49_55,4.0,True,,0.0
F12,51.434722,49.645555,2014.0,KAZ,3.0,Grassland,historical,traindev,49_55,4.0,True,,0.4213367473924504
F13,51.3175,49.868611,2014.0,KAZ,3.0,Grassland,historical,traindev,49_56,2.0,True,,0.8148729715095008
F14,51.210833,50.095555,2014.0,KAZ,3.0,Grassland,historical,traindev,49_56,2.0,True,,0.823467996932072
F15,51.009722,50.32,2014.0,KAZ,3.0,Grassland,historical,traindev,49_56,2.0,True,,0.3506691884645493
F16,51.056388,50.564722,2014.0,KAZ,3.0,Grassland,historical,traindev,49_56,2.0,True,,0.7321789880943305
F17,51.084444,50.754722,2014.0,KAZ,5.0,Bare,historical,traindev,49_56,2.0,True,,0.0
F18,51.142222,50.967777,2014.0,KAZ,3.0,Grassland,historical,traindev,49_56,2.0,True,,0.3167497239522827
F19,51.245555,51.072222,2014.0,KAZ,3.0,Grassland,historical,traindev,49_57,2.0,True,,0.0
F20,51.296666,51.171388,2014.0,KAZ,7.0,Built,historical,traindev,49_57,2.0,True,,0.0
F21,51.482222,51.289722,2014.0,KAZ,1.0,Cropland,historical,traindev,49_57,2.0,True,,0.0
F22,51.573888,51.404722,2014.0,KAZ,1.0,Cropland,historical,traindev,49_57,2.0,True,,0.7738941161538407
JK1,74.673611,42.893611,2013.0,KGZ,7.0,Built,historical,traindev,72_49,1.0,True,,1.0
JK2,74.861111,42.915555,2013.0,KGZ,6.0,Water,historical,traindev,72_49,1.0,True,,1.0
JK3,75.032222,42.921111,2013.0,KGZ,3.0,Grassland,historical,traindev,72_49,1.0,True,,0.0
JK4-1,75.213333,42.853888,2013.0,KGZ,7.0,Built,historical,traindev,72_49,1.0,True,,0.0
JK5,75.399444,42.825277,2013.0,KGZ,1.0,Cropland,historical,traindev,72_49,1.0,True,,0.7903211733281892
JK6-1,75.540277,42.828055,2013.0,KGZ,3.0,Grassland,historical,traindev,72_49,1.0,True,,0.9070506624620408
JK7-1,75.748025,42.798056,2013.0,KGZ,7.0,Built,historical,traindev,73_49,2.0,True,,1.0
JK7-2,75.74708,42.78344,2013.0,KGZ,3.0,Grassland,historical,traindev,73_49,2.0,True,,0.0
JK8,75.869444,42.695833,2013.0,KGZ,3.0,Grassland,historical,traindev,73_49,2.0,True,,0.5327507937002463
JK9,75.82777,42.51361,2013.0,KGZ,2.0,Forest,historical,traindev,73_49,2.0,True,,0.0
JK10,76.286944,42.495833,2013.0,KGZ,7.0,Built,historical,traindev,73_49,2.0,True,,0.0
JK11,76.553055,42.532222,2013.0,KGZ,3.0,Grassland,historical,traindev,73_49,2.0,True,,0.0809879145691483
JK12,76.664444,42.573611,2013.0,KGZ,1.0,Cropland,historical,traindev,73_49,2.0,True,,0.1432195447018009
JK13,76.745443,42.603868,2013.0,KGZ,5.0,Bare,historical,traindev,74_49,4.0,True,,0.0
JK14,76.861388,42.606388,2013.0,KGZ,1.0,Cropland,historical,traindev,74_49,4.0,True,,0.4383616696483253
JK15,76.968333,42.635833,2013.0,KGZ,3.0,Grassland,historical,traindev,74_49,4.0,True,,0.0164356444480035
JK16,77.055277,42.651944,2013.0,KGZ,3.0,Grassland,historical,traindev,74_49,4.0,True,,0.0
JK17,77.134444,42.653611,2013.0,KGZ,7.0,Built,historical,traindev,74_49,4.0,True,,0.0
JK18,77.308333,42.693888,2013.0,KGZ,3.0,Grassland,historical,traindev,74_49,4.0,True,,0.0
JK19,77.404722,42.709166,2013.0,KGZ,3.0,Grassland,historical,traindev,74_49,4.0,True,,0.1491633351763062
JK20,77.552222,42.723055,2013.0,KGZ,7.0,Built,historical,traindev,74_49,4.0,True,,0.0
JK21,77.735833,42.751388,2013.0,KGZ,3.0,Grassland,historical,traindev,75_49,4.0,True,,0.252347744075442
JK22,77.838888,42.748055,2013.0,KGZ,3.0,Grassland,historical,traindev,75_49,4.0,True,,0.0
JK23,78.000277,42.745277,2013.0,KGZ,7.0,Built,historical,traindev,75_49,4.0,True,,0.0
JK24,78.124166,42.761388,2013.0,KGZ,3.0,Grassland,historical,traindev,75_49,4.0,True,,0.8962078055333493
JK25,78.3026726,42.7849124,2013.0,KGZ,3.0,Grassland,historical,traindev,75_49,4.0,True,,0.0
JK26,78.352777,42.736944,2013.0,KGZ,3.0,Grassland,historical,traindev,75_49,4.0,True,,0.0
JK27,78.380277,42.530833,2013.0,KGZ,3.0,Grassland,historical,traindev,75_49,4.0,True,,0.0
Kk1,75.925277,41.426388,2013.0,KGZ,3.0,Grassland,historical,traindev,73_48,2.0,True,,0.2473254236256303
Kk2,75.82,41.448055,2013.0,KGZ,1.0,Cropland,historical,traindev,73_48,2.0,True,,0.5613565683751662
Kk3,75.624166,41.366388,2013.0,KGZ,3.0,Grassland,historical,traindev,72_48,3.0,True,,0.2841663932702165
Kk4,75.358888,41.381944,2013.0,KGZ,7.0,Built,historical,traindev,72_48,3.0,True,,0.0
Kk5,75.26,41.399444,2013.0,KGZ,1.0,Cropland,historical,traindev,72_48,3.0,True,,0.1530957031186857
Kk6,75.0375,41.4125,2013.0,KGZ,1.0,Cropland,historical,traindev,72_48,3.0,True,,0.2996139708745718
Kk7,74.955833,41.402222,2013.0,KGZ,3.0,Grassland,historical,traindev,72_48,3.0,True,,0.3652067226270081
Kk8,74.878055,41.125833,2013.0,KGZ,3.0,Grassland,historical,traindev,72_48,3.0,True,,0.5665883759760048
Kk9,74.708611,41.2075,2013.0,KGZ,3.0,Grassland,historical,traindev,72_48,3.0,True,,0.0
Kk10,74.612601,41.250157,2013.0,KGZ,3.0,Grassland,historical,traindev,71_48,3.0,True,,0.5410993267836309
Kk11,74.498333,41.479166,2013.0,KGZ,3.0,Grassland,historical,traindev,71_48,3.0,True,,0.8570840691519451
Kk12,74.337222,41.461666,2013.0,KGZ,3.0,Grassland,historical,traindev,71_48,3.0,True,,0.2290577066845627
Kk13-1,74.151666,41.393611,2013.0,KGZ,1.0,Cropland,historical,traindev,71_48,3.0,True,,0.750318065265401
Kk14-1,74.087222,41.391666,2013.0,KGZ,1.0,Cropland,historical,traindev,71_48,3.0,True,,0.1622192366324489
Kk15,73.9557096,41.3456885,2013.0,KGZ,3.0,Grassland,historical,traindev,71_48,3.0,True,,0.0044659709155988
Kk16,73.863611,41.345277,2013.0,KGZ,7.0,Built,historical,traindev,71_48,3.0,True,,0.0
Kk17,73.855277,41.3375,2013.0,KGZ,3.0,Grassland,historical,traindev,71_48,3.0,True,,0.0
Kk18-1,73.64739,41.3379706,2013.0,KGZ,3.0,Grassland,historical,traindev,71_48,3.0,True,,0.0
Kk18-2,73.653611,41.283888,2013.0,KGZ,5.0,Bare,historical,traindev,71_48,3.0,True,,0.0
Kk19,73.534444,41.138888,2013.0,KGZ,4.0,Shrubland,historical,traindev,70_48,1.0,True,,0.0
Kk20,73.325,41.125833,2013.0,KGZ,3.0,Grassland,historical,traindev,70_48,1.0,True,,0.0
Kk21,73.205555,41.091944,2013.0,KGZ,3.0,Grassland,historical,traindev,70_48,1.0,True,,0.0
Kk22,73.1275,41.023888,2013.0,KGZ,3.0,Grassland,historical,traindev,70_48,1.0,True,,0.307820933789237
Kk23,73.026944,40.946111,2013.0,KGZ,7.0,Built,historical,traindev,70_47,1.0,True,,1.0
LK1,67.598888,39.460555,2014.0,TJK,1.0,Cropland,historical,traindev,65_46,4.0,True,,0.645730030343437
LK2,67.745555,39.460277,2014.0,TJK,3.0,Grassland,historical,traindev,65_46,4.0,True,,0.0
LK3,67.893333,39.480277,2014.0,TJK,1.0,Cropland,historical,traindev,65_46,4.0,True,,0.6430198973818524
LK4,68.018611,39.467222,2014.0,TJK,7.0,Built,historical,traindev,65_46,4.0,True,,1.0
LK5,68.173055,39.444166,2014.0,TJK,4.0,Shrubland,historical,traindev,65_46,4.0,True,,0.0
LK6,68.260277,39.443888,2014.0,TJK,7.0,Built,historical,traindev,65_46,4.0,True,,0.2
LK7,68.473889,39.44,2014.0,TJK,3.0,Grassland,historical,traindev,66_46,1.0,True,,0.9304120748475894
LK8,68.535,39.334722,2014.0,TJK,4.0,Shrubland,historical,traindev,66_46,1.0,True,,0.0
LK9,68.625277,39.191388,2014.0,TJK,5.0,Bare,historical,traindev,66_46,1.0,True,,0.0
LK10,68.8260852,39.1584413,2014.0,TJK,6.0,Water,historical,traindev,66_46,1.0,True,,1.0
LK11,68.736944,38.926944,2014.0,TJK,5.0,Bare,historical,traindev,66_46,1.0,True,,0.0
LK12,68.783888,38.808611,2014.0,TJK,2.0,Forest,historical,traindev,66_45,3.0,True,,0.0
LK13,68.799444,38.652222,2014.0,TJK,3.0,Grassland,historical,traindev,66_45,3.0,True,,0.0
LK14,68.801388,38.444444,2014.0,TJK,1.0,Cropland,historical,traindev,66_45,3.0,True,,0.7540064324047104
LK15,68.701666,38.296944,2014.0,TJK,7.0,Built,historical,traindev,66_45,3.0,True,,0.8
LK16,68.7125,38.088888,2014.0,TJK,3.0,Grassland,historical,traindev,66_45,3.0,True,,0.0
LK17,68.771389,37.864722,2014.0,TJK,7.0,Built,historical,traindev,66_44,1.0,True,,0.0
MK1,71.516111,39.332777,2014.0,TJK,3.0,Grassland,historical,traindev,69_46,3.0,True,,0.0
MK2,71.365555,39.253055,2014.0,TJK,3.0,Grassland,historical,traindev,68_46,4.0,True,,0.5926088406763967
MK3,71.218333,39.200833,2014.0,TJK,1.0,Cropland,historical,traindev,68_46,4.0,True,,0.8997762447970414
MK4,71.058333,39.149444,2014.0,TJK,4.0,Shrubland,historical,traindev,68_46,4.0,True,,0.0
MK5,70.681944,39.081388,2014.0,TJK,3.0,Grassland,historical,traindev,68_46,4.0,True,,0.4335466448922315
MK6,70.494722,39.051111,2014.0,TJK,7.0,Built,historical,traindev,68_46,4.0,True,,0.0
MK7,70.286111,38.964444,2014.0,TJK,3.0,Grassland,historical,traindev,67_46,4.0,True,,0.0
MK8,70.122499,38.858611,2014.0,TJK,3.0,Grassland,historical,traindev,67_45,1.0,True,,0.0
MK9,69.926666,38.828888,2014.0,TJK,1.0,Cropland,historical,traindev,67_45,1.0,True,,0.957212099696921
MK10,69.7,38.679722,2014.0,TJK,3.0,Grassland,historical,traindev,67_45,1.0,True,,0.0
MK11,69.438611,38.580277,2014.0,TJK,3.0,Grassland,historical,traindev,66_45,3.0,True,,0.0
MK12,69.244166,38.529166,2014.0,TJK,1.0,Cropland,historical,traindev,66_45,3.0,True,,0.8336934294522979
MK13,68.897777,38.551944,2014.0,TJK,1.0,Cropland,historical,traindev,66_45,3.0,True,,0.9816507303230356
AK1,60.656944,41.561388,2014.0,UZB,7.0,Built,historical,traindev,58_48,1.0,True,,0.0
AK2,60.572222,41.659166,2014.0,UZB,7.0,Built,historical,traindev,58_48,1.0,True,,1.0
AK3-1,60.448611,41.791666,2014.0,UZB,7.0,Built,historical,traindev,58_48,1.0,True,,0.0
AK4,60.287222,41.942777,2014.0,UZB,6.0,Water,historical,traindev,58_48,1.0,True,,0.0
AK5,60.128176,42.090126,2014.0,UZB,7.0,Built,historical,traindev,58_49,1.0,True,,0.0
AK6,60.134572,42.233025,2014.0,UZB,7.0,Built,historical,traindev,58_49,1.0,True,,0.0
AK7,60.375277,42.102694,2014.0,UZB,7.0,Built,historical,traindev,58_49,1.0,True,,0.0
AK8,60.528611,42.001944,2014.0,UZB,5.0,Bare,historical,traindev,58_49,1.0,True,,0.9898670604403192
AK9,60.616111,41.895277,2014.0,UZB,1.0,Cropland,historical,traindev,58_48,1.0,True,,0.6060341309032035
AK10,60.694166,41.754722,2014.0,UZB,1.0,Cropland,historical,traindev,58_48,1.0,True,,0.8778940894998698
AK11,60.869719,41.599656,2014.0,UZB,7.0,Built,historical,traindev,58_48,1.0,True,,1.0
AK12,61.017222,41.487222,2014.0,UZB,7.0,Built,historical,traindev,58_48,1.0,True,,0.0
BK1,66.909497,39.686439,2014.0,UZB,7.0,Built,historical,traindev,64_46,2.0,True,,1.0
BK2,66.758611,39.848611,2014.0,UZB,7.0,Built,historical,traindev,64_46,2.0,True,,1.0
BK3,66.544444,39.9475,2014.0,UZB,7.0,Built,historical,traindev,64_47,3.0,True,,1.0
BK4,66.667777,40.134722,2014.0,UZB,1.0,Cropland,historical,traindev,64_47,3.0,True,,0.8761113794699755
BK5,66.528333,40.3075,2014.0,UZB,3.0,Grassland,historical,traindev,64_47,3.0,True,,0.0
BK6,66.345,40.395277,2014.0,UZB,7.0,Built,historical,traindev,64_47,3.0,True,,0.0
BK7,66.151111,40.471666,2014.0,UZB,3.0,Grassland,historical,traindev,63_47,1.0,True,,0.0
BK8,66.286778,38.579144,2014.0,UZB,3.0,Grassland,historical,traindev,63_45,3.0,True,,0.0
BK9,65.738611,40.547222,2014.0,UZB,1.0,Cropland,historical,traindev,63_47,1.0,True,,0.6002277685000894
BK10,65.608055,40.467222,2014.0,UZB,5.0,Bare,historical,traindev,63_47,1.0,True,,0.6948600620295059
BK11,65.374722,40.183611,2014.0,UZB,1.0,Cropland,historical,traindev,63_47,1.0,True,,0.7708248014937112
CK8,66.285555,38.578333,2014.0,UZB,7.0,Built,historical,traindev,63_45,3.0,True,,0.0
CK9,65.907222,38.703333,2014.0,UZB,3.0,Grassland,historical,traindev,63_45,3.0,True,,0.0
CK10,65.824166,38.871944,2014.0,UZB,7.0,Built,historical,traindev,63_45,3.0,True,,1.0
CK11,65.69,38.973611,2014.0,UZB,1.0,Cropland,historical,traindev,63_46,2.0,True,,0.6495819387774852
CK12,65.465833,39.078888,2014.0,UZB,7.0,Built,historical,traindev,63_46,2.0,True,,0.0
CK13,65.352777,39.126944,2014.0,UZB,3.0,Grassland,historical,traindev,63_46,2.0,True,,0.0
CK14,65.2275,39.205277,2014.0,UZB,3.0,Grassland,historical,test,62_46,-1.0,True,,0.3318964898026288
CK15,65.100833,39.284166,2014.0,UZB,3.0,Grassland,historical,test,62_46,-1.0,True,,0.0
CK16,64.798333,39.483888,2014.0,UZB,1.0,Cropland,historical,test,62_46,-1.0,True,,0.9903212085588756
CK17,64.716111,39.567222,2014.0,UZB,3.0,Grassland,historical,test,62_46,-1.0,True,,0.0
CK18,64.571666,39.702777,2014.0,UZB,1.0,Cropland,historical,test,62_46,-1.0,True,,0.9995426735866956
P11.2,64.472516,45.140783,,KAZ,1.0,Cropland,drop,traindev,62_51,0.0,True,,0.0
P11.4,64.473221,45.141479,,KAZ,1.0,Cropland,drop,traindev,62_51,0.0,True,,0.0
P12.5,64.611237,45.115557,,KAZ,5.0,Bare,drop,traindev,62_51,0.0,True,,0.0
P16.2,64.612078,45.116019,,KAZ,5.0,Bare,drop,traindev,62_51,0.0,True,,0.0
P16.4,64.969179,45.088592,,KAZ,1.0,Cropland,drop,traindev,62_51,0.0,True,,0.0
P15.1,64.969204,45.087965,,KAZ,1.0,Cropland,drop,traindev,62_51,0.0,True,,0.0
P12.2,65.022859,45.121604,,KAZ,4.0,Shrubland,drop,traindev,62_51,0.0,True,,0.0
P15.2,65.155852,45.02939,,KAZ,4.0,Shrubland,drop,traindev,62_51,0.0,True,,0.0
P15.4,65.15623,45.028714,,KAZ,4.0,Shrubland,drop,traindev,62_51,0.0,True,,0.0
P14.3,65.320663,44.992709,,KAZ,4.0,Shrubland,drop,traindev,63_51,2.0,True,,0.0
P14.4,65.32014,44.991953,,KAZ,4.0,Shrubland,drop,traindev,63_51,2.0,True,,0.0
P8.3,65.194915,44.899453,,KAZ,1.0,Cropland,drop,traindev,62_51,0.0,True,,0.0
P8.4,65.195048,44.898991,,KAZ,1.0,Cropland,drop,traindev,62_51,0.0,True,,0.0
P7.1,65.195507,44.898591,,KAZ,1.0,Cropland,drop,traindev,62_51,0.0,True,,0.0
P8.2,65.195733,44.899435,,KAZ,1.0,Cropland,drop,traindev,62_51,0.0,True,,0.0
P1.1,65.160052,44.775015,,KAZ,4.0,Shrubland,drop,traindev,62_51,0.0,True,,0.0
P24.2,65.118618,44.719777,,KAZ,5.0,Bare,drop,traindev,62_51,0.0,True,,0.0
P25.1,65.119344,44.718588,,KAZ,5.0,Bare,drop,traindev,62_51,0.0,True,,0.0
P27.2,65.040419,44.690666,,KAZ,5.0,Bare,drop,traindev,62_51,0.0,True,,0.0
P26.4,65.041369,44.691674,,KAZ,5.0,Bare,drop,traindev,62_51,0.0,True,,0.0
P26.3,65.042023,44.691181,,KAZ,5.0,Bare,drop,traindev,62_51,0.0,True,,0.0
P27.3,64.787635,44.657239,,KAZ,5.0,Bare,drop,traindev,62_51,0.0,True,,0.0
P24.4,64.788194,44.658446,,KAZ,5.0,Bare,drop,traindev,62_51,0.0,True,,0.0
P27.4,64.788235,44.65746,,KAZ,5.0,Bare,drop,traindev,62_51,0.0,True,,0.0
P25.3,64.738751,44.706245,,KAZ,4.0,Shrubland,drop,traindev,62_51,0.0,True,,0.0
P26.2,64.738971,44.704682,,KAZ,4.0,Shrubland,drop,traindev,62_51,0.0,True,,0.0
P26.1,64.739701,44.705497,,KAZ,4.0,Shrubland,drop,traindev,62_51,0.0,True,,0.0
P3.3,64.62281,44.786623,,KAZ,5.0,Bare,drop,traindev,62_51,0.0,True,,0.0
P3.1,64.623184,44.787619,,KAZ,5.0,Bare,drop,traindev,62_51,0.0,True,,0.0
P3.2,64.62366,44.786801,,KAZ,5.0,Bare,drop,traindev,62_51,0.0,True,,0.0
P5.4,64.38629,44.838469,,KAZ,4.0,Shrubland,drop,traindev,62_51,0.0,True,,0.0
P5.1,64.387182,44.839313,,KAZ,5.0,Bare,drop,traindev,62_51,0.0,True,,0.0
P4.3,64.387386,44.838967,,KAZ,5.0,Bare,drop,traindev,62_51,0.0,True,,0.0
P5.2,64.388764,44.839759,,KAZ,4.0,Shrubland,drop,traindev,62_51,0.0,True,,0.0
P7.2,64.342722,44.867392,,KAZ,1.0,Cropland,drop,traindev,62_51,0.0,True,,0.0
PSEUDO_0,72.71187402813116,40.67537527663946,2018.0,,1.0,,pseudo,traindev,,,,,0.5
PSEUDO_1,71.77699626431568,40.31004179570862,2018.0,,1.0,,pseudo,traindev,,,,,0.5
PSEUDO_2,71.35188911161754,40.483103273941,2018.0,,1.0,,pseudo,traindev,,,,,0.5
PSEUDO_3,71.83806320572164,41.32913746591177,2018.0,,1.0,,pseudo,traindev,,,,,0.5
PSEUDO_4,72.33698074681188,40.46325489374336,2018.0,,1.0,,pseudo,traindev,,,,,0.5
PSEUDO_5,71.79837988605304,41.24632980387575,2018.0,,1.0,,pseudo,traindev,,,,,0.5
PSEUDO_6,72.9013344032171,40.582589328808695,2018.0,,1.0,,pseudo,traindev,,,,,0.5
PSEUDO_7,72.81388194654777,40.99708202143808,2018.0,,1.0,,pseudo,traindev,,,,,0.5
PSEUDO_8,72.04828356685006,40.37903758769303,2018.0,,1.0,,pseudo,traindev,,,,,0.5
PSEUDO_9,72.53329304371772,40.648993385980376,2018.0,,1.0,,pseudo,traindev,,,,,0.5
PSEUDO_10,72.46543359828115,40.51567288274037,2018.0,,1.0,,pseudo,traindev,,,,,0.5
PSEUDO_11,71.83364010642727,41.2547565400846,2018.0,,1.0,,pseudo,traindev,,,,,0.5
PSEUDO_12,71.87690884728319,41.31786889731433,2018.0,,1.0,,pseudo,traindev,,,,,0.5
PSEUDO_13,72.61838573236321,40.70832639559213,2018.0,,1.0,,pseudo,traindev,,,,,0.5
PSEUDO_14,68.96705373689413,42.78356667545463,2018.0,,1.0,,pseudo,traindev,,,,,0.5
PSEUDO_15,76.85997959073717,42.13854946772911,2018.0,,1.0,,pseudo,traindev,,,,,0.5
PSEUDO_16,76.59676925498812,42.22177937703037,2018.0,,1.0,,pseudo,traindev,,,,,0.5
PSEUDO_17,74.40359914889116,42.89689883204303,2018.0,,1.0,,pseudo,traindev,,,,,0.5
PSEUDO_18,64.59497591842114,44.93533521110204,2018.0,,1.0,,pseudo,traindev,,,,,0.5
PSEUDO_19,67.23207478407943,43.694316024745866,2018.0,,1.0,,pseudo,traindev,,,,,0.5
PSEUDO_20,69.38825629334761,41.571513574734034,2018.0,,1.0,,pseudo,traindev,,,,,0.5
PSEUDO_21,69.53269345652025,41.77499797082064,2018.0,,1.0,,pseudo,traindev,,,,,0.5
PSEUDO_22,69.65894475386986,41.39765891985007,2018.0,,1.0,,pseudo,traindev,,,,,0.5
PSEUDO_23,69.56542947404776,41.20521752555548,2018.0,,1.0,,pseudo,traindev,,,,,0.5
PSEUDO_24,69.33239362754615,41.52580996291822,2018.0,,1.0,,pseudo,traindev,,,,,0.5
PSEUDO_25,69.3069989528116,41.61803589857756,2018.0,,1.0,,pseudo,traindev,,,,,0.5
PSEUDO_26,69.49770939345649,41.26432668512409,2018.0,,1.0,,pseudo,traindev,,,,,0.5
PSEUDO_27,69.46454308816791,41.608978212658734,2018.0,,1.0,,pseudo,traindev,,,,,0.5
PSEUDO_28,69.47417459256917,41.20854906959801,2018.0,,1.0,,pseudo,traindev,,,,,0.5
PSEUDO_29,68.9914970498798,41.389793613320045,2018.0,,1.0,,pseudo,traindev,,,,,0.5
PSEUDO_30,75.7718816072423,42.41002340219611,2018.0,,3.0,,pseudo,traindev,,,,,0.5
PSEUDO_31,76.83208496658798,42.0558430019877,2018.0,,3.0,,pseudo,traindev,,,,,0.5
PSEUDO_32,65.74194976100625,45.12364093992039,2018.0,,5.0,,pseudo,traindev,,,,,0.5
PSEUDO_33,65.40169234161431,44.67207377679413,2018.0,,5.0,,pseudo,traindev,,,,,0.5
PSEUDO_34,66.10897118485805,44.99392835438864,2018.0,,5.0,,pseudo,traindev,,,,,0.5
PSEUDO_35,66.08367986354297,45.03979561425944,2018.0,,5.0,,pseudo,traindev,,,,,0.5
PSEUDO_36,66.0622819545085,44.88307999611156,2018.0,,5.0,,pseudo,traindev,,,,,0.5
PSEUDO_37,66.12157041223928,44.94579097079215,2018.0,,5.0,,pseudo,traindev,,,,,0.5
PSEUDO_38,72.9318946776507,40.79326069092332,2018.0,,7.0,,pseudo,traindev,,,,,0.5
PSEUDO_39,73.13831282665981,40.64276975637924,2018.0,,7.0,,pseudo,traindev,,,,,0.5
PSEUDO_40,71.05719383842232,40.67885773118854,2018.0,,7.0,,pseudo,traindev,,,,,0.5
PSEUDO_41,71.9456704680812,40.87457983599526,2018.0,,7.0,,pseudo,traindev,,,,,0.5
PSEUDO_42,71.93807249462641,40.372213296442766,2018.0,,7.0,,pseudo,traindev,,,,,0.5
PSEUDO_43,72.38294253929554,40.541032261937936,2018.0,,7.0,,pseudo,traindev,,,,,0.5
PSEUDO_44,65.49773675344554,44.79946957239269,2018.0,,7.0,,pseudo,traindev,,,,,0.5
PSEUDO_45,69.39030349382953,41.33845485418994,2018.0,,7.0,,pseudo,traindev,,,,,0.5
PSEUDO_46,69.4540247337716,41.33856680246778,2018.0,,7.0,,pseudo,traindev,,,,,0.5
PSEUDO_47,69.41696811550763,41.36202248171845,2018.0,,7.0,,pseudo,traindev,,,,,0.5
PSEUDO_48,69.172932477916,41.38181096948231,2018.0,,7.0,,pseudo,traindev,,,,,0.5
PSEUDO_49,69.35700996097634,41.55149900734925,2018.0,,7.0,,pseudo,traindev,,,,,0.5
PSEUDO_50,68.91610004980802,41.28645037783236,2018.0,,7.0,,pseudo,traindev,,,,,0.5
PSEUDO_51,69.38052976964045,41.30414701973933,2018.0,,7.0,,pseudo,traindev,,,,,0.5
PSEUDO_52,69.23559317426465,41.33451187572025,2018.0,,7.0,,pseudo,traindev,,,,,0.5
PSEUDO_53,69.10720589938653,41.329174965745935,2018.0,,7.0,,pseudo,traindev,,,,,0.5
PSEUDO_54,69.33639995076717,41.22829651223183,2018.0,,7.0,,pseudo,traindev,,,,,0.5
PSEUDO_55,69.19821676252471,41.33823458808435,2018.0,,7.0,,pseudo,traindev,,,,,0.5
PSEUDO_56,69.13484263629647,41.33484363747899,2018.0,,7.0,,pseudo,traindev,,,,,0.5
PSEUDO_57,69.16077974938412,41.404235914156594,2018.0,,7.0,,pseudo,traindev,,,,,0.5
PSEUDO_58,69.54775111230545,41.39306935529337,2018.0,,7.0,,pseudo,traindev,,,,,0.5
PSEUDO_59,69.1368905125946,41.44555113988442,2018.0,,7.0,,pseudo,traindev,,,,,0.5
PSEUDO_60,65.50648063938945,44.83619807080569,2018.0,,7.0,,pseudo,traindev,,,,,0.5
PSEUDO_61,64.76114243997534,44.875415439847664,2018.0,,7.0,,pseudo,traindev,,,,,0.5
